id,x,y
414314-16412929-1,0.8461448,0.10087383
414314-16412931-2,0.16482827,0.9801649
414314-16412931-3,0.15071082,0.67597544
414314-16412935-4,0.27537513,0.55234313
414314-16412935-5,0.23485148,0.52152956
414314-16412935-6,0.23485127,0.52152985
414314-16412937-7,0.2850835,0.6035544
414314-16412938-8,0.17518198,0.9133903
414314-16412943-9,0.17517975,0.91339004
414314-16412945-10,0.16189572,0.8327824
414314-16412947-11,0.15913782,0.8382696
414314-16412949-12,0.17519361,0.91338366
414314-16412951-13,0.15913913,0.8382686
414105-16373250-19,0.27275807,0.9396843
414105-16373338-20,0.45664808,0.70152295
414105-16373348-21,0.42033523,0.7724722
414105-16373407-22,0.44202897,0.45174316
414105-16373473-23,0.21017271,0.92361575
414105-16373498-24,0.44203064,0.45173818
414105-16373501-25,0.44202328,0.45174125
414105-16373537-26,0.62379223,0.23553303
414105-16373544-27,0.6237923,0.23553401
414105-16373544-28,0.62073225,0.24036989
414105-16373545-29,0.6237921,0.23553404
414105-16373551-30,0.81449693,0.23045689
414105-16373558-31,0.54698724,0.7824391
414105-16373561-32,0.4825639,0.70218927
414105-16373573-33,0.6143174,0.4748447
414105-16373577-34,0.46820825,0.716434
414105-16373577-35,0.3055148,0.7717788
414105-16373581-36,0.4715467,0.6500844
414105-16373588-38,0.1751984,0.9133809
414105-16373592-39,0.1751988,0.9133813
414105-16373600-40,0.47154132,0.65009
414105-16373610-41,0.53374314,0.78278565
414105-16373618-42,0.46816286,0.71655405
414105-16373621-43,0.42034122,0.7724695
414105-16373626-44,0.46647397,0.71639025
414105-16373637-45,0.47155622,0.65010184
414105-16373639-46,0.61431384,0.47484794
414105-16373676-47,0.80788004,0.20423028
414105-16373680-48,0.47199747,0.71671635
414105-16373683-49,0.4802885,0.71123344
414105-16373683-50,0.4716287,0.7167462
414105-16373685-51,0.721419,0.23964295
414105-16373696-53,0.48009235,0.7116123
414105-16373698-54,0.47110584,0.7167756
414105-16373698-55,0.21688041,0.746354
414105-16373704-56,0.47154012,0.65011656
414105-16373705-57,0.6237902,0.23553333
414105-16373709-58,0.45740014,0.70692664
414105-16373713-59,0.18711963,0.75924826
414105-16373713-60,0.643122,0.5064303
414105-16373714-61,0.46344942,0.69098663
414105-16373719-62,0.5203943,0.68976355
414105-16373722-63,0.8044903,0.20194954
414105-16373723-64,0.84163594,0.29005936
414105-16373723-65,0.8416383,0.29005572
414105-16373725-66,0.61405724,0.24502695
414105-16373725-67,0.6140582,0.2450256
414105-16373737-68,0.1344004,0.83061266
414105-16373756-69,0.8416393,0.2900561
414105-16373756-70,0.84164166,0.29005238
414105-16373764-71,0.6237857,0.23553827
414105-16373769-72,0.3629102,0.6729303
414105-16373787-73,0.47628158,0.6915791
414105-16373788-74,0.48015052,0.7114323
414105-16373788-75,0.7967213,0.19741467
414105-16373793-76,0.81442344,0.2311576
414105-16373793-77,0.46039093,0.7119026
414105-16373796-78,0.5007821,0.65099835
414105-16373797-79,0.81012243,0.20900646
414105-16373807-80,0.61431617,0.4748541
414105-16373810-81,0.47290868,0.6899727
414105-16373815-82,0.4203387,0.772477
414105-16373835-83,0.5048527,0.91049784
414105-16373839-84,0.48238948,0.9111831
414105-16373847-85,0.66875327,0.4395172
414105-16373872-86,0.5007867,0.6510172
414105-16373876-87,0.4859685,0.9132372
414105-16373885-88,0.81455845,0.22698575
414105-16373886-89,0.72142065,0.23964268
414105-16373886-90,0.78564984,0.19515854
414105-16373892-91,0.45690656,0.7047073
414105-16373894-92,0.54700774,0.78241926
414105-16373895-93,0.5098671,0.9050002
414105-16373903-94,0.47542977,0.69097054
414105-16373912-95,0.56501913,0.71636903
414105-16373913-96,0.81426144,0.2237218
414105-16373914-97,0.8077179,0.24663007
414105-16373925-98,0.8966206,0.34802413
414105-16373929-99,0.6755628,0.48162213
414105-16373936-100,0.21019343,0.92362
414105-16373947-101,0.79272664,0.19555989
414105-16373994-102,0.46809945,0.7164639
414105-16373997-103,0.46060035,0.7122152
414105-16374000-104,0.46824723,0.7164315
414105-16374017-105,0.48043838,0.71100134
414105-16374019-106,0.46211463,0.7136899
414105-16374035-107,0.8121071,0.21564811
414105-16374042-108,0.786082,0.19522479
414105-16374043-109,0.7662367,0.2432794
414105-16374043-110,0.76913846,0.20269275
414312-16412845-616,0.8432302,0.0020751357
414312-16412864-617,0.78748894,0.22632536
414312-16412870-618,0.82642126,0.14168653
414312-16412886-619,0.19118208,0.7345072
414312-16412887-620,0.21688724,0.7464398
414312-16412889-621,0.13167205,0.74603856
414312-16412890-622,0.2162509,0.92561126
414312-16412969-623,0.82641923,0.1416876
414312-16412974-624,0.7741098,0.14742997
414312-16412980-625,0.4203477,0.77248067
414312-16412982-626,0.5397808,0.49565494
484844-19997757-627,0.4607372,0.9466788
484844-19997777-628,0.5038553,0.8343736
484844-19997783-629,0.9572245,0.24820194
484844-19997783-630,0.95722365,0.24820271
484844-19997783-631,0.95722353,0.24820414
484844-19997783-632,0.9572209,0.24820423
484844-19997783-633,0.95723814,0.24818167
484844-19997783-634,0.9572446,0.24819496
484844-19997783-635,0.95723903,0.24818093
484844-19997783-636,0.9450983,0.21548712
484844-19997783-637,0.95722616,0.24819115
484844-19997783-638,0.957226,0.24819115
484844-19997783-639,0.95722604,0.24818975
484844-19997783-640,0.95718586,0.2482031
484844-19997792-641,0.8620389,0.14728695
484844-19997792-642,0.9780681,0.20163393
484844-19997792-643,0.9780659,0.20163569
484844-19997792-644,0.49202946,0.39489752
484844-19997792-645,0.978067,0.20163843
484844-19997792-646,0.25961164,0.8702791
484844-19997792-647,0.49202916,0.39490053
484844-19997792-648,0.978067,0.20163843
484844-19997792-649,0.9780669,0.20163843
484844-19997792-650,0.9780594,0.20163482
484844-19997792-651,0.5060155,0.39680505
484844-19997792-652,0.5060189,0.3968081
484844-19997792-653,0.978053,0.2016274
484844-19997792-654,0.49203086,0.394898
484844-19997792-655,0.9780531,0.20162725
484844-19997792-656,0.49203208,0.39489704
484844-19997792-657,0.995723,0.19209474
484844-19997792-658,0.50602454,0.39680707
484844-19997792-659,0.25960916,0.87027615
484844-19997792-660,0.25236198,0.86664224
484844-19997792-661,0.49203137,0.39489836
484844-19997792-662,0.26042637,0.87897706
484844-19997808-663,0.95722055,0.24819133
484844-19997808-664,0.9572195,0.24819332
484844-19997808-665,0.9572217,0.24819362
484844-19997808-666,0.9572216,0.24819216
484844-19997808-667,0.957186,0.24820161
484844-19997808-668,0.9571897,0.24820095
484844-19997808-669,0.9571888,0.24820152
484844-19997808-670,0.95718753,0.24820232
484844-19997808-671,0.95718753,0.24820232
484844-19997808-672,0.97806656,0.20164019
484844-19997808-673,0.97806656,0.2016395
484844-19997808-1815,0.95719016,0.24820134
484844-19997833-674,0.5248034,0.9110255
484844-19997833-675,0.5248012,0.91102517
484844-19997833-676,0.9789747,0.32822698
484844-19997842-677,0.49733457,0.7882067
484844-19997848-678,0.5247978,0.91102546
484844-19997848-679,0.51694876,0.91615367
484844-19997848-680,0.9895838,0.31960994
484844-19997848-681,0.5103414,0.9262444
484844-19997848-682,0.51034063,0.9262451
484844-19997848-683,0.98958665,0.31960905
484844-19997856-684,0.9789723,0.32822978
484844-19997856-685,0.9789723,0.32822978
484844-19997859-686,0.9789746,0.32822716
484844-19997859-687,0.9789746,0.32822716
484844-19997859-688,0.9789746,0.32822716
484844-19997859-689,0.9789748,0.32822463
484844-19997859-690,0.9789721,0.32822913
484844-19997859-691,0.978972,0.3282292
484844-19997864-692,0.9756123,0.33659858
484844-19997864-693,0.9789721,0.32822913
484844-19997864-694,0.978972,0.3282292
484844-19997867-695,0.9789721,0.32822913
484844-19997867-696,0.9789721,0.32822913
484844-19997867-697,0.97897303,0.3282287
484844-19997891-698,0.9450848,0.21549645
484844-19997891-699,0.9957113,0.1920993
484844-19997891-700,0.9572084,0.24819613
484844-19997891-701,0.97805166,0.2016438
484844-19997891-702,0.4920259,0.3949053
484844-19997891-703,0.4920258,0.39490396
484844-19997891-704,0.99571264,0.1920979
484844-19997891-705,0.9780501,0.20164385
484844-19997891-706,0.9957114,0.19209886
484844-19997891-707,0.95719105,0.24819869
484844-19997891-708,0.9572058,0.24819475
484844-19997891-709,0.95719385,0.24819642
484844-19997891-710,0.95719385,0.24819642
484844-19997925-711,0.6428562,0.7754192
484844-19997925-712,0.64285797,0.7754175
484844-19997925-713,0.7195966,0.10642314
484844-19997942-714,0.82639813,0.14169285
484844-19997947-715,0.82744485,0.12837064
484844-19997947-716,0.9407121,0.3500949
484844-19997954-717,0.49935645,0.92211413
484844-19997977-718,0.3184499,0.8623792
484844-19997987-719,0.94849694,0.35456944
484844-19998004-720,0.8908829,0.24083853
484844-19998011-721,0.72004926,0.5075749
484844-19998021-722,0.32174158,0.85868084
410634-16256026-747,0.27972382,0.9397153
410634-16256063-748,0.5407854,0.41272634
410634-16256065-749,0.29292366,0.60072654
410634-16256068-750,0.5337508,0.78277916
410634-16256077-751,0.50712574,0.7485138
414309-16413051-1971,0.102294356,0.8603469
414309-16413072-1972,0.23884141,0.6380331
414309-16413072-1973,0.1988473,0.7317423
414309-16413073-1974,0.19218498,0.73414314
414309-16413075-1975,0.18512803,0.75275415
414309-16413075-1976,0.2385523,0.6405924
414309-16413077-1977,0.43413115,0.64549816
414309-16413077-1978,0.19390509,0.73305863
414309-16413078-1979,0.23873022,0.6395248
414309-16413080-1980,0.8111439,0.21359783
414309-16413081-1981,0.80896497,0.20549962
414309-16413082-1982,0.47154206,0.6500511
414309-16413083-1983,0.16167882,0.9553442
414309-16413083-1984,0.28832334,0.79741764
414309-16413084-1985,0.23885319,0.63897073
414309-16413084-1986,0.36291605,0.6729252
414309-16413091-1987,0.30550575,0.77178574
414309-16413100-1988,0.16979733,0.9045712
414309-16413111-1989,0.6143162,0.47484088
414309-16413113-1990,0.13169992,0.7460398
414309-16413115-1991,0.19938892,0.73017615
414309-16413116-1992,0.7895867,0.25831813
414309-16413117-1993,0.45746902,0.7070595
414309-16413118-1994,0.8073244,0.24752963
414309-16413119-1995,0.7613791,0.21683308
414309-16413120-1996,0.7656263,0.24176043
414309-16413124-1997,0.14647299,0.80120385
414309-16413129-1998,0.42034554,0.7724457
414309-16413131-1999,0.78746545,0.22631684
414309-16413134-2000,0.23849043,0.6408103
414309-16413145-2001,0.33902824,0.8227562
414309-16413147-2002,0.13170743,0.7460303
414309-16413149-2003,0.76243955,0.21460047
414309-16413152-2004,0.51590794,0.420808
414309-16413153-2005,0.33898044,0.8227439
414309-16413155-2006,0.7601671,0.22268113
414309-16413159-2007,0.60666406,0.7797757
414309-16413162-2008,0.47917604,0.6942706
414309-16413175-2009,0.20767137,0.7656372
414309-16413176-2010,0.19655722,0.7663838
414309-16413176-2011,0.19531688,0.76620674
414309-16413178-2012,0.2144354,0.7579439
414309-16413178-2013,0.18943694,0.7626497
414309-16413179-2014,0.18967798,0.6080713
414309-16413180-2015,0.18967345,0.6080605
414309-16413194-2016,0.40550557,0.78097016
414309-16413206-2017,0.15192103,0.7231574
414309-16413208-2018,0.15192232,0.7231683
414309-16413212-2019,0.2844333,0.5766007
414309-16413214-2020,0.7604899,0.22723508
414309-16413219-2021,0.15192416,0.72317135
414309-16413221-2022,0.79773414,0.25580117
414309-16413223-2023,0.7598969,0.21875334
414309-16413227-2024,0.46016428,0.69334537
414309-16413230-2025,0.2494145,0.63087314
414309-16413233-2026,0.4573093,0.69834715
414309-16413237-2027,0.45694596,0.6996845
414309-16413242-2028,0.8071649,0.24781999
414309-16413254-2029,0.21021968,0.9235878
414309-16413261-2030,0.22548816,0.8077657
414309-16413270-2031,0.20661873,0.7667376
414309-16413275-2032,0.23864627,0.6401894
414309-16413282-2033,0.18930462,0.7624867
414309-16413299-2034,0.13170856,0.74603784
414309-16413300-2035,0.18966493,0.60806805
414309-16413304-2036,0.23860988,0.63987166
414309-16413324-2037,0.2564047,0.6332838
414309-16413329-2038,0.36291695,0.67292744
414309-16413329-2039,0.2540892,0.6318117
414309-16413331-2040,0.25168425,0.63108474
414309-16413332-2041,0.78740287,0.1956102
414309-16413338-2042,0.3629207,0.6729258
414309-16413339-2043,0.30552036,0.77177334
414309-16413343-2044,0.1751551,0.9133887
414309-16413344-2045,0.24652812,0.6311026
414309-16413346-2046,0.4574328,0.6979677
414309-16413349-2047,0.1906833,0.76315695
414309-16413353-2048,0.25638986,0.65094274
414309-16413360-2049,0.55661124,0.33912152
414309-16413365-2050,0.25030875,0.653208
414309-16413369-2051,0.25967136,0.63988024
414309-16413370-2052,0.30550897,0.77178204
414309-16413374-2053,0.30553296,0.7717593
414309-16413375-2054,0.2560638,0.65135926
414309-16413386-2055,0.36289465,0.6729083
414309-16413390-2056,0.78271663,0.19540977
414309-16413390-2057,0.3629031,0.6729371
414309-16413399-2058,0.2530742,0.6528677
414309-16413399-2059,0.24829733,0.63076913
414309-16413401-2060,0.47923014,0.6943326
414309-16413403-2061,0.18269184,0.6960558
414309-16413411-2062,0.45656788,0.7018571
414309-16413414-2063,0.21491587,0.7573873
414309-16413416-2064,0.2520397,0.65309095
414309-16413420-2065,0.21219495,0.76144296
414309-16413421-2066,0.4680027,0.71635574
414309-16413425-2067,0.25202844,0.653037
414309-16413435-2068,0.30551505,0.7717867
414309-16413440-2069,0.19702944,0.76654506
414309-16413449-2070,0.36290848,0.67293626
414309-16413461-2071,0.25189677,0.65310496
414309-16413472-2072,0.24854934,0.65265346
414309-16413475-2073,0.30550906,0.7717892
414309-16413481-2074,0.13165516,0.74605405
414309-16413486-2075,0.3629123,0.6729332
414309-16413488-2076,0.2141214,0.75858563
414309-16413492-2077,0.33362705,0.7708292
414309-16413493-2078,0.3336315,0.7708367
414309-16413495-2079,0.21633089,0.9242438
414309-16413497-2080,0.30550873,0.77178836
414309-16413499-2081,0.47862995,0.71308243
414309-16413504-2082,0.53715694,0.4646713
414309-16413513-2083,0.30550933,0.77178943
414309-16413516-2084,0.4805864,0.7106175
414309-16413528-2085,0.23866102,0.64014274
414309-16413532-2086,0.19618931,0.7665639
414309-16413535-2087,0.16167787,0.95535374
414309-16413537-2088,0.25192288,0.65309936
414309-16413537-2089,0.2110964,0.73543
414309-16413539-2090,0.25968182,0.64102453
414309-16413540-2091,0.23934478,0.63689584
414309-16413549-2092,0.18935326,0.73604447
414309-16413553-2093,0.7944779,0.19616935
414309-16413554-2094,0.21463004,0.7403665
414309-16413556-2095,0.21446529,0.73990893
414309-16413561-2096,0.16167048,0.9553442
414309-16413567-2097,0.24677068,0.6522308
414309-16413570-2098,0.7881447,0.19545358
414309-16413572-2099,0.21306214,0.73793644
414309-16413574-2100,0.8098923,0.20860785
414309-16413577-2101,0.8122748,0.21665007
414309-16413579-2102,0.21429026,0.73954797
414309-16413624-2103,0.20234981,0.7304622
414309-16413629-2104,0.81427,0.22560048
414309-16413632-2105,0.80606794,0.20263875
414309-16413635-2106,0.81082976,0.21137649
414309-16413643-2107,0.21506244,0.74147123
414309-16413649-2108,0.23862123,0.6404034
414309-16413666-2109,0.18268448,0.6960654
414309-16413675-2110,0.79757833,0.19760486
414309-16413683-2111,0.23862273,0.6405909
414309-16413686-2112,0.25034928,0.65322536
414309-16413688-2113,0.23906326,0.6386352
414309-16413694-2114,0.25665677,0.6505579
414309-16413696-2115,0.25220734,0.63116443
414309-16413706-2116,0.24394801,0.63173616
414309-16413706-2117,0.25328586,0.56876695
414309-16413706-2118,0.15071002,0.6759537
414309-16413709-2119,0.30550832,0.77179146
414309-16413713-2120,0.30550992,0.771792
414309-16413716-2121,0.28832123,0.7974555
414309-16413724-2122,0.30550933,0.7717921
414309-16413729-2123,0.20753995,0.76582325
414309-16413731-2124,0.16164553,0.95536923
414309-16413737-2125,0.2595937,0.639191
414309-16413741-2126,0.30550587,0.771806
414309-16413744-2127,0.3055014,0.7718075
823966-30699047-1160,0.27899686,0.93466234
414310-16413609-2128,0.10023013,0.85736454
414310-16413702-2129,0.568814,0.714085
414310-16413756-2130,0.48096973,0.70956355
414310-16413760-2131,0.17517495,0.9133951
414310-16413760-2132,0.36290783,0.6729666
414310-16413781-2133,0.23899287,0.63850904
414310-16413782-2134,0.24366361,0.6506096
414310-16413783-2135,0.25934455,0.63807434
414310-16413784-2136,0.30550456,0.7718047
414310-16413785-2137,0.36291036,0.67296946
414310-16413785-2138,0.24800134,0.63077646
414310-16413788-2139,0.7976404,0.1981399
414310-16413790-2140,0.8101059,0.2098878
414310-16413791-2141,0.8109509,0.21141964
414310-16413792-2142,0.47995454,0.711785
414310-16413792-2143,0.4805122,0.7105667
414310-16413796-2144,0.4805724,0.71048105
414310-16413797-2145,0.47011578,0.7166843
414310-16413798-2146,0.17516637,0.91339743
414310-16413799-2147,0.5650228,0.7163433
414310-16413801-2148,0.45910338,0.71062994
414310-16413801-2149,0.434116,0.6455231
414310-16413801-2150,0.4341164,0.64554393
414310-16413801-2151,0.43412018,0.6455383
414310-16413802-2152,0.45739868,0.7067532
414310-16413803-2153,0.4818923,0.70701706
414310-16413805-2154,0.48103532,0.7098237
414310-16413816-2155,0.47957534,0.7118755
414310-16413817-2156,0.72802883,0.19354251
414310-16413819-2157,0.62378716,0.2355415
414310-16413823-2158,0.28506023,0.6035422
414310-16413823-2159,0.18966079,0.6080631
414310-16413824-2160,0.24579042,0.6309631
414310-16413827-2161,0.48246783,0.70372635
414310-16413827-2162,0.18966934,0.60807306
414310-16413828-2163,0.3629095,0.6729318
414310-16413828-2164,0.47644904,0.69159853
414310-16413829-2165,0.27877346,0.81011647
414310-16413829-2166,0.19705176,0.9598626
414310-16413830-2167,0.4820035,0.70741814
414310-16413830-2168,0.18966535,0.6080709
414310-16413830-2169,0.45755503,0.70716536
414310-16413832-2170,0.24034053,0.6346902
414310-16413850-2171,0.36290842,0.6729326
414310-16413850-2172,0.20295888,0.7306324
414310-16413851-2173,0.24186867,0.6329478
414310-16413851-2174,0.2149179,0.7573876
414310-16413852-2175,0.21419293,0.73953646
414310-16413852-2176,0.21502435,0.7571809
414310-16413855-2177,0.17515948,0.91339225
414310-16413858-2178,0.81425864,0.21792018
414310-16413859-2179,0.23886254,0.6389275
414310-16413861-2180,0.8117049,0.21461758
414310-16413862-2181,0.8039714,0.20188123
414310-16413864-2182,0.8909456,0.24078822
414310-16413865-2183,0.18965894,0.6080602
414310-16413866-2184,0.23979104,0.63570803
414310-16413866-2185,0.24657083,0.6308954
414310-16413867-2186,0.23898312,0.6384051
414310-16413867-2187,0.24133173,0.6335356
414310-16413868-2188,0.18966275,0.60806936
414310-16413870-2189,0.3629045,0.6729348
414310-16413872-2190,0.4574983,0.7071266
414310-16413891-2191,0.5332852,0.83233607
414310-16413892-2192,0.5204133,0.81117654
414310-16413893-2193,0.5337723,0.78274035
414310-16413897-2194,0.21491474,0.8226516
414310-16413898-2195,0.30550188,0.7718153
414310-16413898-2196,0.30550036,0.77181494
414310-16413898-2197,0.21017414,0.923605
414310-16413899-2198,0.8074018,0.24734196
414310-16413899-2199,0.47450852,0.7688784
414310-16413899-2200,0.6558452,0.44801626
414310-16413899-2201,0.61432767,0.4748237
414310-16413900-2202,0.61433023,0.47482306
414310-16413900-2203,0.47407228,0.593649
414310-16413901-2204,0.47314408,0.5903668
414310-16413901-2205,0.4740712,0.5936473
414310-16413902-2206,0.6558482,0.44801652
414310-16413903-2207,0.81451476,0.23080465
414310-16413904-2208,0.47407058,0.5936476
414310-16413905-2209,0.30550802,0.7717723
414310-16413905-2210,0.30550724,0.77177316
414310-16413906-2211,0.3981199,0.77513766
414310-16413906-2212,0.39811027,0.775162
414310-16413907-2213,0.42033616,0.77247083
414310-16413908-2214,0.3904882,0.77745056
414310-16413908-2215,0.8907056,0.2763563
414310-16413910-2216,0.3686332,0.71015763
414310-16413911-2217,0.8909488,0.24076638
414310-16413912-2218,0.21320426,0.7378505
414310-16413912-2219,0.8078706,0.24364293
414310-16413912-2220,0.42033547,0.7724773
414310-16413913-2221,0.19679382,0.7665642
414310-16413913-2222,0.21295246,0.73756313
414310-16413913-2223,0.47314858,0.5903517
414310-16413914-2224,0.6558454,0.44801104
414310-16413916-2225,0.6143321,0.47481865
414310-16413917-2226,0.474085,0.59364957
414310-16413918-2227,0.65584767,0.44801188
414310-16413918-2228,0.78586984,0.33073398
414310-16413919-2229,0.8872151,0.28897086
414310-16413919-2230,0.4380381,0.45353994
414310-16413920-2231,0.36291146,0.6729666
414310-16413922-2232,0.4203315,0.772486
414310-16413924-2233,0.8909342,0.24076137
414310-16413925-2234,0.21442842,0.7399815
414310-16413928-2235,0.8096884,0.2071819
414310-16413929-2236,0.39901364,0.9131278
414310-16413930-2237,0.3953607,0.9067428
414310-16413935-2238,0.36685836,0.9075307
414310-16413936-2239,0.6828135,0.49337164
414310-16413939-2240,0.40358683,0.90850985
414310-16413943-2241,0.40036604,0.91808975
414310-16413946-2242,0.40036723,0.91809076
414310-16413948-2243,0.40289277,0.92028224
414310-16413951-2244,0.40275192,0.9153019
414310-16413953-2245,0.40037197,0.9180895
414310-16413955-2246,0.40080938,0.92010796
414310-16413959-2247,0.30430138,0.81818545
414310-16413961-2248,0.39360833,0.9142109
414310-16413962-2249,0.3936083,0.9142109
414310-16413963-2250,0.39902124,0.91312194
414310-16413965-2251,0.8777464,0.31321043
414310-16413970-2252,0.09749818,0.8172804
414310-16413971-2253,0.42764533,0.8263705
414310-16413973-2254,0.39827964,0.92352694
414310-16413974-2255,0.42532906,0.8413618
414310-16413979-2256,0.21533999,0.7421272
414310-16413980-2257,0.45938408,0.6945106
414310-16413981-2258,0.2121152,0.76156366
414310-16413986-2259,0.07089865,0.77885354
414310-16413988-2260,0.07399723,0.7884865
414310-16413990-2261,0.20747036,0.76544
414310-16413992-2262,0.085749686,0.8003075
414310-16413994-2263,0.13165736,0.746031
414310-16413999-2264,0.05077955,0.8458303
414310-16413999-2265,0.05003321,0.84686553
414310-16413999-2266,0.05077797,0.8458295
414310-16414010-2267,0.061945766,0.7794936
414310-16414016-2268,0.39923313,0.92483217
414310-16414016-2269,0.05625102,0.76799756
414310-16414025-2270,0.069954425,0.77927935
414310-16414038-2271,0.20951533,0.73395467
414310-16414041-2272,0.076177746,0.7915925
414310-16414050-2273,0.29508573,0.8474575
414310-16414075-2274,0.4572361,0.706139
414310-16414078-2275,0.28414392,0.66431224
414310-16414078-2276,0.48890364,0.61785835
414310-16414083-2277,0.091643095,0.7640391
414310-16414086-2278,0.07779932,0.78341687
414310-16414104-2279,0.3628948,0.6729797
414310-16414108-2280,0.39775258,0.91647494
414310-16414111-2281,0.48208737,0.69964576
414310-16414114-2282,0.46106192,0.69244903
414310-16414117-2283,0.89094377,0.240774
414310-16414117-2871,0.4569342,0.7049146
414310-16414120-2285,0.4745075,0.7688934
414310-16414123-2286,0.8909417,0.24076924
414310-16414129-2287,0.8036039,0.20168063
414310-16414138-2288,0.36290157,0.6729719
414310-16414141-2289,0.6558436,0.44801578
414310-16414144-2290,0.4326446,0.8410567
414310-16414147-2291,0.21146917,0.762205
414310-16414219-2293,0.48044813,0.69601923
414310-16414225-2294,0.47800386,0.6928846
414310-16414231-2295,0.362903,0.67297643
414310-16414243-2296,0.47964683,0.694833
414310-16414278-2297,0.3451938,0.6490475
414310-16414288-2298,0.42763358,0.8263681
414310-16414291-2299,0.47988805,0.6952721
414310-16414294-2300,0.7930671,0.19599059
414310-16414297-2301,0.21016723,0.9236119
414310-16414303-2302,0.33896786,0.82277447
414310-16414311-2303,0.7826363,0.19534776
414310-16414311-2304,0.89090204,0.24079639
414310-16414311-2305,0.80373365,0.20186141
414310-16414314-2306,0.8141656,0.22587848
414310-16414317-2307,0.2122586,0.7613884
414310-16414325-2308,0.3452157,0.6490383
414310-16414348-2309,0.1316706,0.74603856
414310-16414387-2310,0.19586924,0.7664993
414310-16414396-2311,0.64939874,0.42460924
414310-16414399-2312,0.6493987,0.42460984
414310-16414423-2313,0.6125218,0.4452718
414310-16414429-2314,0.61252284,0.4452692
414310-16414432-2315,0.42033064,0.77247536
414310-16414454-2316,0.22555873,0.80772614
414310-16414457-2317,0.215747,0.7544051
414310-16414460-2318,0.23887017,0.6392403
414310-16414460-2319,0.36291397,0.67296433
414310-16414463-2320,0.19157386,0.73465455
414310-16414466-2321,0.19070715,0.73516333
414310-16414481-2322,0.18467712,0.74635804
414310-16414481-2323,0.20810032,0.7654783
414310-16414485-2324,0.21683112,0.7498729
414310-16414487-2325,0.13171214,0.7460385
414310-16414490-2326,0.18954808,0.7627551
414310-16414496-2327,0.20786545,0.7651845
414310-16414500-2328,0.17000356,0.79542166
414310-16414503-2329,0.7873079,0.22655877
414310-16414509-2330,0.13171262,0.74603814
414310-16414512-2331,0.21552253,0.75510234
414310-16414515-2332,0.20631984,0.73171806
414310-16414519-2333,0.19734469,0.7666017
414310-16414522-2334,0.21349955,0.73861855
414310-16414522-2335,0.1891019,0.76227975
414310-16414534-2336,0.13171262,0.74603814
414310-16414534-2337,0.25896993,0.6453415
414310-16414537-2338,0.18748778,0.75985026
414310-16414545-2339,0.18621513,0.757607
414310-16414645-2340,0.61431634,0.4748406
414310-16414648-2341,0.2574127,0.6498256
414310-16414651-2342,0.48260266,0.701775
414310-16414660-2343,0.6493608,0.42464942
414310-16414664-2344,0.890874,0.24082828
414310-16414664-2345,0.62378997,0.23555261
414310-16414667-2346,0.6819621,0.48553377
414310-16414670-2347,0.30553815,0.7717501
414310-16414687-2348,0.42034584,0.77245086
414310-16414690-2349,0.924896,0.17703536
414310-16414690-2350,0.8871648,0.28899541
414310-16414693-2351,0.25751203,0.6488386
414310-16414731-2352,0.4223152,0.44766334
414310-16414734-2353,0.25749394,0.6488605
414310-16414739-2354,0.17516956,0.91338354
414310-16414745-2355,0.47451663,0.768837
414310-16414751-2356,0.07035628,0.7959441
414310-16414754-2357,0.42764258,0.8263457
414310-16414806-2358,0.16168985,0.95532656
414310-16414812-2359,0.16168985,0.95532656
414310-16414815-2360,0.13859767,0.9543098
414310-16414818-2361,0.17517349,0.91338253
414310-16414821-2362,0.1385988,0.95430803
414310-16414849-2363,0.16169122,0.9553257
414310-16414966-2364,0.760603,0.22532904
414310-16414969-2365,0.73207283,0.27482077
414310-16414969-2366,0.73207283,0.27482077
414310-16414977-2367,0.5063968,0.67854524
414310-16414984-2368,0.19040698,0.73550904
414310-16414991-2369,0.7660651,0.2429736
414310-16415005-2872,0.7724612,0.070656985
414310-16415008-2873,0.7724611,0.070657134
414310-16415011-2372,0.35412192,0.9080657
414310-16415088-2373,0.16847035,0.8363596
486160-20033022-2374,0.27755123,0.9390814
486160-20033074-2375,0.5184607,0.7996463
486160-20033082-2376,0.21023053,0.9235847
486160-20033087-2377,0.51958036,0.80315197
486160-20033099-2378,0.88848245,0.14005154
486209-20035632-2381,0.28216696,0.93277097
486209-20035727-2382,0.77995574,0.2575511
486209-20035734-2383,0.76564616,0.24290651
486209-20035748-2384,0.7607183,0.23213875
486209-20035758-2385,0.16169858,0.95532244
486209-20035758-2386,0.16169858,0.95532244
486209-20035764-2387,0.16169873,0.95532215
486209-20035764-2388,0.16170263,0.95532715
486209-20035767-2389,0.16169873,0.955322
486209-20035769-2390,0.7968265,0.25638875
486209-20035777-2391,0.5097357,0.5049252
486209-20035787-2392,0.7831978,0.25847197
486209-20035789-2393,0.7872366,0.22665587
486209-20035789-2394,0.7938908,0.25818747
486209-20035792-2395,0.2576553,0.6487286
486209-20035841-2396,0.72075295,0.11600602
486209-20035843-2397,0.18060753,0.9075538
486209-20035860-2398,0.16451943,0.96511483
486209-20035869-2399,0.29702574,0.59370244
486209-20035869-2400,0.29702577,0.59370244
486209-20035879-2401,0.26580134,0.8927622
486234-20037128-2402,0.84325546,0.0
506983-21071282-2875,0.25888255,0.6459949
506983-21071282-2876,0.2851323,0.6035656
484577-19991839-2405,0.56501836,0.7163338
484577-19991841-2406,0.31802422,0.87226486
484577-19991842-2407,0.17520413,0.9133874
484577-19991842-2408,0.2102345,0.92358005
484577-19991861-2409,0.60613,0.42903876
506975-21069564-2410,0.09174612,0.8540402
506975-21069916-2411,0.48112065,0.92602897
506975-21070087-2412,0.36292756,0.6729128
506975-21070098-2413,0.481121,0.92603123
506975-21070115-2414,0.89084727,0.24088651
506975-21070125-2415,0.89085186,0.24087343
506975-21070132-2416,0.8908508,0.24087378
506975-21070188-2417,0.3055724,0.77172935
506975-21070209-2418,0.48112,0.92602885
506975-21070213-2419,0.16481394,0.98012805
506975-21070213-2420,0.25334263,0.56878465
506975-21070213-2421,0.25334677,0.5687861
506975-21070213-2422,0.25334734,0.5687866
506975-21070228-2423,0.8957962,0.10974184
506975-21070232-2424,0.88848054,0.14005604
506975-21070258-2425,0.50073534,0.6509539
506975-21070298-2426,0.7609556,0.23012814
506975-21070301-2427,0.7871964,0.22670063
506975-21070307-2428,0.56502545,0.7163048
506975-21070307-2429,0.5650262,0.7163086
506975-21070310-2430,0.565025,0.71630937
506975-21070315-2431,0.7603516,0.23034385
506975-21070315-2432,0.7872052,0.22670004
506975-21070318-2433,0.7726043,0.25366172
506975-21070321-2434,0.7765906,0.255803
506975-21070321-2435,0.76546973,0.2430177
506975-21070324-2436,0.76083547,0.23256597
506975-21070324-2437,0.76255,0.13765144
506975-21070327-2438,0.89088416,0.24089277
506975-21070341-2439,0.8908535,0.24087074
506975-21070367-2440,0.890849,0.24088898
506975-21070370-2441,0.76085746,0.23065889
506975-21070422-2442,0.61250895,0.4452799
506975-21070437-2443,0.42036238,0.77245057
506975-21070441-2444,0.19448376,0.7328844
506975-21070441-2445,0.19180802,0.7344265
506975-21070476-2446,0.8416015,0.29012275
506975-21070476-2447,0.8280394,0.32031238
506975-21070480-2448,0.17519477,0.9133816
506975-21070483-2449,0.5235113,0.79547715
506975-21070489-2450,0.6558262,0.44803765
506975-21070496-2451,0.65582615,0.4480384
506975-21070499-2452,0.65582484,0.44804105
506975-21070499-3346,0.76079786,0.23227257
506975-21070503-2453,0.6558271,0.44803908
506975-21070507-2454,0.65582895,0.44803527
506975-21070514-2455,0.6558274,0.44803905
506975-21070516-2456,0.65582854,0.4480358
506975-21070539-2457,0.79089487,0.32417196
506975-21070542-2458,0.6903903,0.47290707
506975-21070556-2459,0.1617068,0.9553242
506975-21070599-2460,0.655823,0.44803643
506975-21070601-2461,0.6687437,0.4395798
506975-21070604-2462,0.49329948,0.45812866
506975-21070604-2463,0.86093134,0.18864667
506975-21070604-2464,0.46525857,0.4483421
506975-21070604-2465,0.4652604,0.44834316
506975-21070604-2466,0.46526048,0.44834065
506975-21070604-2467,0.49330115,0.45813364
506975-21070604-2468,0.49330124,0.45813334
506975-21070604-2469,0.3698066,0.601064
506975-21070604-2470,0.49329787,0.45813575
506975-21070604-2471,0.36980182,0.6010657
506975-21070604-2472,0.36979905,0.601067
506975-21070604-2473,0.3698008,0.60106665
506975-21070604-2474,0.36979002,0.6010688
506975-21070604-2475,0.36979687,0.60106957
506975-21070604-2476,0.3697979,0.60106915
506975-21070609-2477,0.4745121,0.76886433
506975-21070639-2478,0.4203599,0.7724435
506975-21070647-2479,0.48258615,0.8964566
506975-21070650-2480,0.94539714,0.36640054
506975-21070653-2481,0.60871786,0.40932858
506975-21070659-2482,0.32183895,0.8586122
506975-21070661-2483,0.23837596,0.85525846
506975-21070664-2484,0.9248813,0.17705315
506975-21070666-2485,0.47863126,0.9330898
506975-21070669-2486,0.1861769,0.74098146
506975-21070671-2487,0.33900154,0.8227335
506975-21070674-2488,0.16170537,0.95532566
506975-21070677-2489,0.94539607,0.366399
506975-21070680-2490,0.607252,0.3991369
506975-21070682-2491,0.24646008,0.83921725
506975-21070688-2492,0.9823726,0.188281
506975-21070688-2493,0.43409318,0.64552546
506975-21070688-2494,0.4341033,0.645513
506975-21070690-2495,0.9248837,0.17705032
506975-21070693-2496,0.15080312,0.6759722
506975-21070693-2497,0.1507954,0.67596555
506975-21070693-2498,0.15080276,0.67596906
506975-21070693-2499,0.25334838,0.56878716
506975-21070693-2500,0.25334948,0.5687849
506975-21070693-2501,0.15079856,0.6759713
506975-21070695-2502,0.30555457,0.771736
506975-21070695-2503,0.30555743,0.7717372
506975-21070698-2504,0.1507965,0.6759674
506975-21070698-2505,0.1507971,0.67596745
506975-21070698-2506,0.2533444,0.5687894
506975-21070698-2507,0.25333762,0.5687831
506975-21070698-2508,0.4041294,0.7513229
506975-21070701-2509,0.19476181,0.73267376
506975-21070703-2510,0.18620342,0.75742364
506975-21070712-2511,0.6544354,0.4075731
506975-21070714-2512,0.19642404,0.7319317
506975-21070714-2513,0.42036355,0.7724502
506975-21070723-2514,0.36291575,0.6729256
506975-21070726-2515,0.49330547,0.45811102
506975-21070726-2516,0.49330315,0.45811895
506975-21070726-2517,0.4652644,0.44833803
506975-21070726-2518,0.4652619,0.44833636
506975-21070726-2519,0.46526396,0.448336
506975-21070726-2520,0.49330184,0.45811898
506975-21070726-2521,0.49330252,0.45812085
506975-21070726-2522,0.36977494,0.60107327
506975-21070726-2523,0.36976808,0.6010723
506975-21070726-2524,0.36977515,0.6010595
506975-21070726-2525,0.36977273,0.60106504
506975-21070726-2526,0.36976695,0.601053
506975-21070726-2527,0.36977214,0.6010683
506975-21070726-2528,0.36977002,0.6010668
506975-21070726-2529,0.36977506,0.6010642
506975-21070730-2530,0.3055679,0.7717341
506975-21070736-2531,0.1508039,0.67597085
506975-21070736-2532,0.15079406,0.67596763
506975-21070736-2533,0.49330342,0.45811307
506975-21070736-2534,0.49330246,0.45811453
506975-21070744-2535,0.19560549,0.73230296
506975-21070744-2536,0.1829319,0.69603986
506975-21070751-2537,0.8903848,0.362979
506975-21070755-2538,0.8966063,0.34803426
506975-21070864-2539,0.21493134,0.8226529
506975-21070872-2540,0.53426206,0.41409534
506975-21070883-2541,0.4276486,0.826337
506975-21070901-2542,0.23837581,0.8552648
506975-21070940-2543,0.4811228,0.9260295
506975-21070945-2544,0.24645373,0.83922327
506975-21070948-2545,0.89084613,0.24089876
506975-21070964-2546,0.89084756,0.24089772
506975-21070993-2547,0.6493513,0.42465836
506975-21071003-2548,0.69954646,0.44082758
506975-21071008-2549,0.72075224,0.116010964
506975-21071011-2550,0.17519855,0.91338617
506201-21001818-2551,0.18284139,0.6959633
506201-21001845-2552,0.7235224,0.2913325
506201-21001848-2553,0.8764342,0.28838295
520031-22139965-2554,0.7381118,0.3876812
520031-22139968-2555,0.47451282,0.76881254
520031-22139970-2556,0.50219953,0.8204988
520031-22139971-2557,0.5057647,0.824818
520031-22139971-2558,0.18509892,0.75410223
520031-22139973-2560,0.12740791,0.9656867
520031-22139975-2561,0.89506793,0.17054373
520031-22139985-2563,0.9132074,0.09054732
484578-19989138-2708,0.5443444,0.7553748
484578-19989141-2709,0.15079331,0.67596936
484578-19989141-2710,0.15079162,0.6759672
484578-19989142-2711,0.193746,0.7332586
484578-19989144-2712,0.5334426,0.7773518
484578-19989164-2713,0.22885212,0.5974691
484578-19989166-2714,0.25748506,0.6490643
484578-19989198-2715,0.16482374,0.9801849
484578-19989198-2716,0.16482979,0.9801622
484578-19989199-2717,0.25333694,0.5687818
484578-19989199-2718,0.25333795,0.56878096
484578-19989200-2719,0.25780082,0.6485596
484578-19989203-2720,0.15193385,0.72316855
484578-19989204-2721,0.25934216,0.64419824
484578-19989207-2722,0.42586657,0.45300728
484578-19989207-2723,0.1849283,0.75329936
484578-19989208-2724,0.39811832,0.7751161
484578-19989211-2725,0.15193164,0.72316974
484578-19989212-2726,0.18549258,0.754835
484578-19989214-2727,0.18490654,0.7457592
484578-19989222-2728,0.7811788,0.25833637
484578-19989228-3345,0.17516789,0.9133816
484578-19989249-2730,0.46099296,0.6922547
484578-19989249-2731,0.18972239,0.60804176
511216-21469100-2732,0.53344595,0.77734977
511216-21469225-2733,0.25950402,0.6434785
498011-20452366-2734,0.5638788,0.4060138
520488-22176305-2735,0.31613326,0.52384925
520488-22176316-2736,0.77412045,0.25446635
520488-22176329-2737,0.8461394,0.10087758
546648-22866237-2740,0.25780013,0.64856666
546648-22866243-2741,0.18549487,0.7438985
546648-22866251-2742,0.76060915,0.23058042
546648-22866637-2743,0.7823131,0.25827688
546648-22866711-2744,0.7806646,0.25805163
546648-22866719-2745,0.778201,0.2570914
516375-21904749-2746,0.5256224,0.6306001
414313-16415080-2877,0.18480626,0.7510382
414313-16415083-2878,0.1853348,0.7411771
414313-16415089-2879,0.19437405,0.7326134
414313-16415096-2880,0.18739,0.75978255
987264-38205192-2881,0.8448714,0.001100719
987264-38205193-2882,0.68582565,0.4922641
987264-38205207-2883,0.25747666,0.6491054
987264-38205208-2884,0.19847903,0.7317786
987264-38205211-2885,0.78353107,0.2589534
987264-38205217-2886,0.8263978,0.14169428
987264-38205222-2887,0.42148316,0.8305677
987264-38205223-2888,0.4630595,0.830497
987264-38205225-2889,0.46306086,0.83049726
987264-38205229-2890,0.6858379,0.49224612
987264-38205232-2891,0.31563222,0.7580225
987264-38205239-2892,0.75649345,0.2968208
987264-38205241-2893,0.68585086,0.49224055
987264-38205243-2894,0.8461362,0.10088158
491023-20157859-2897,0.41007644,0.43591422
491023-20157866-2898,0.89086545,0.24084541
498505-20615818-2900,0.5443536,0.75538623
498505-20615819-2901,0.56641024,0.7738334
498505-20615820-2902,0.6904012,0.4728989
498505-20615820-2903,0.82640123,0.14169374
498505-20616394-2908,0.89357555,0.30036137
498505-20616397-2909,0.7955235,0.31268585
505171-20919132-2911,0.54336727,0.8704891
505171-20919149-2912,0.5276114,0.7291076
505171-20919156-2913,0.6587602,0.53092694
498584-20618698-2914,0.61477864,0.15140209
498584-20618709-2915,0.61434865,0.15496242
546646-22856383-2916,0.6472832,0.64391303
546646-22856383-2917,0.79704344,0.2562691
546646-22856383-2918,0.6431225,0.5064232
546646-22856385-2919,0.64312625,0.5064209
546646-22856391-2920,0.5322103,0.67273897
546646-22856391-2921,0.64313024,0.5064166
546646-22856393-2922,0.5322042,0.6727556
546646-22856397-2923,0.6472807,0.64390856
546646-22856399-2924,0.64313215,0.50640494
546646-22856399-2925,0.6818684,0.21524501
546646-22856401-2926,0.61431795,0.47484073
546646-22856401-2927,0.6818654,0.21525258
546646-22856405-2928,0.6431349,0.5064071
546646-22856407-2929,0.6818626,0.21528345
506981-21068286-2930,0.61310023,0.21419099
498062-20496743-2932,0.6225766,0.25821435
498019-20456796-2933,0.9394591,0.35688233
508689-21229170-3330,0.31514674,0.922132
508689-21230558-2942,0.1565265,0.7803189
506812-21049120-2948,0.57927215,0.7911778
506812-21049229-2950,0.61968756,0.1585486
987208-38201621-3354,0.36695224,0.9763715
507618-21122504-2951,0.4973569,0.7881861
507618-21122510-2952,0.9048637,0.12641492
494134-20255162-2954,0.32546294,0.9802052
494134-20255191-2955,0.30620742,0.9929561
494134-20255197-2956,0.30009714,0.9968251
494134-20255202-2957,0.30009714,0.9968256
494134-20255451-2958,0.30530196,1.0
494134-20255473-2959,0.0055522323,0.7383367
494134-20255473-2960,0.0043829083,0.7371999
494134-20255540-2961,0.31032974,0.9999963
494134-20255643-2962,0.00447464,0.74895084
494134-20255654-2963,0.0044917464,0.7415307
494134-20255654-2964,0.028714478,0.7312365
494134-20255665-2965,0.008096337,0.7381329
494134-20255671-2966,0.0107828975,0.7367052
494134-20255676-2967,0.010785222,0.73670685
494134-20255687-2968,0.027433455,0.7353474
494134-20255698-2969,0.010782957,0.7367062
494134-20255753-2970,0.00774163,0.7397577
494134-20255757-2971,0.010785222,0.7367089
494134-20255763-2972,0.01078552,0.73670703
494134-20255774-2973,0.008365452,0.73565763
494134-20255785-2974,0.009857833,0.74201775
494134-20255795-2975,0.008974731,0.7395883
494134-20255808-2976,0.010785222,0.73670787
494134-20255826-2977,0.010785699,0.73670906
494134-20255857-2978,0.010788083,0.73671144
494134-20255861-2979,0.066860765,0.7607397
494134-20255872-2980,0.06685963,0.7607393
494134-20255882-2981,0.011137307,0.73457557
494134-20255882-2982,0.028975844,0.73097175
494134-20255894-2983,0.010786116,0.73670727
494134-20255904-2984,0.06040731,0.7430868
494134-20255904-2985,0.008805096,0.73568773
494134-20255920-2986,0.010782778,0.736705
494134-20255932-2987,0.01439178,0.740098
508525-21206733-2988,0.84612894,0.1008918
508525-21206739-2989,0.8461288,0.10089204
508525-21206752-2990,0.8304068,0.08259481
506916-21061265-2991,0.61431783,0.4748422
506916-21061282-2994,0.8908689,0.24083933
506916-21061285-2995,0.6558337,0.44801688
506916-21061288-2996,0.6558343,0.44801667
506916-21061310-2997,0.89090145,0.24084902
506916-21061311-2998,0.79760283,0.25570327
506916-21061315-2999,0.68186325,0.2152921
506916-21061340-3001,0.40487397,0.8825624
506916-21061344-3002,0.77174175,0.25216773
511234-21468902-3003,0.0,0.75177586
494250-20262046-3004,0.78708744,0.22665831
513179-21646155-3009,0.52565485,0.6305664
513179-21646170-3010,0.76716954,0.24558678
513179-21646178-3011,0.6237967,0.23560399
513179-21646185-3012,0.62379813,0.23560253
513179-21646203-3013,0.52565473,0.63056666
513179-21646234-3014,0.46412683,0.69049895
513179-21646242-3015,0.45954746,0.694168
499864-20745362-3018,0.42765245,0.8263351
499864-20745364-3020,0.42765316,0.82632613
499864-20745366-3021,0.6793837,0.4921682
499864-20745368-3022,0.8264239,0.14167196
508597-21217994-3023,0.9571396,0.24824014
508597-21217994-3024,0.9571396,0.24824014
508597-21217994-3025,0.95714116,0.24823883
508597-21217994-3026,0.957142,0.24823827
508597-21218113-3027,0.40648377,0.889624
506984-21068608-3028,0.46118057,0.88755107
494079-20251914-3029,0.6143224,0.4748463
494079-20251916-3030,0.36292177,0.6729207
494079-20251916-3031,0.475864,0.6912527
494079-20251917-3032,0.60185814,0.49484935
494079-20251918-3033,0.3433749,0.8268558
494079-20251918-3034,0.3177287,0.7354717
494079-20251918-3035,0.34337708,0.82686436
494079-20251918-3036,0.34337795,0.8268626
494079-20251919-3037,0.5371445,0.46467283
494079-20251919-3038,0.4589404,0.694925
494079-20251920-3039,0.47430745,0.6903027
494079-20251920-3040,0.46441182,0.6902071
494079-20251921-3041,0.2788363,0.8101046
494079-20251921-3042,0.36291677,0.67292345
494079-20251922-3043,0.3629153,0.6729557
494079-20251923-3044,0.21679467,0.74525213
494079-20251923-3045,0.47503874,0.69067806
494079-20251924-3046,0.18777427,0.76044726
494079-20251926-3047,0.35051608,0.6875715
494079-20251927-3048,0.362922,0.67295015
494079-20251927-3049,0.36291015,0.672927
512990-21616662-3050,0.7174389,0.29826325
512990-21616666-3051,0.7173533,0.29824197
494141-20258271-3052,0.77346146,0.25313947
494275-20270628-3053,0.45892963,0.6949473
494275-20270630-3054,0.42532036,0.84135544
494275-20271318-3056,0.1435537,0.8300877
514967-21828276-3321,0.9133426,0.31497723
514967-21828278-3322,0.8254487,0.33314002
527487-22394242-3066,0.35946882,0.9814658
511334-21487263-3068,0.56788874,0.84534997
520610-22191979-3069,0.17531955,0.8409612
507621-21122201-3070,0.79559785,0.3126455
508554-21210932-3323,0.89285004,0.1760639
498397-20614547-3324,0.8908836,0.2408446
498397-20614586-3073,0.5021997,0.82052076
497988-20451791-3074,0.6904288,0.4729081
497988-20451791-3075,0.45575783,0.8276754
497988-20451889-3076,0.6481015,0.51558524
506982-21069379-3331,0.6235914,0.22792381
513170-21644908-3079,0.75273615,0.4749119
513170-21644908-3080,0.7545109,0.4722669
513170-21644908-3081,0.75450873,0.472265
506978-21068088-3086,0.42765322,0.8263301
506978-21068118-3087,0.92488664,0.17704698
506978-21068192-3088,0.82641864,0.14168471
498101-20507741-3089,0.80706877,0.24797288
498101-20507741-3090,0.8572916,0.15173665
498101-20507741-3091,0.8573097,0.15174004
498101-20507761-3092,0.7700416,0.20253578
498101-20507782-3093,0.7625892,0.13760632
498101-20507805-3094,0.7649941,0.20809656
498101-20507828-3095,0.7545982,0.3097329
498101-20507867-3096,0.8068485,0.2485624
498101-20507896-3097,0.7207482,0.116022676
498101-20507914-3098,0.7207334,0.116040975
498101-20508017-3099,0.8035682,0.12642765
513262-21661392-3100,0.8508772,0.0037711263
513262-21661403-3101,0.02193585,0.8107168
557656-23012421-3102,1.0,0.28456455
557656-23012421-3103,0.61584955,0.5746897
557656-23012421-3104,0.57523453,0.6291914
557656-23012718-3105,0.89088905,0.24083155
557656-23012726-3106,0.57322174,0.49310648
557656-23012729-3107,0.7873765,0.2263608
511348-21488571-3108,0.76776314,0.20364535
507616-21121885-3109,0.7821158,0.19549158
507616-21121930-3110,0.6237959,0.23558801
507616-21121930-3111,0.7207371,0.116037846
499883-20747570-3112,0.16166198,0.9553537
499883-20747606-3113,0.6587496,0.40931398
527463-22391622-3115,0.7728177,0.19978148
508544-21210762-3116,0.5606144,0.8363213
522751-22256671-3117,0.7614027,0.23643246
522751-22256671-3118,0.77061284,0.25097027
500667-20791200-3119,0.6755319,0.48165172
500667-20791200-3120,0.9048604,0.12642244
506911-21059640-3121,0.7605537,0.22527698
506911-21059645-3122,0.7661678,0.20556292
508538-21207641-3123,0.89092064,0.24084365
508538-21207645-3124,0.7758435,0.25534245
508538-21207654-3125,0.9393656,0.16325745
508538-21207659-3126,0.8927458,0.34100848
508538-21207680-3127,0.8525603,0.34525672
508538-21207683-3128,0.7207339,0.116040885
506977-21067868-3129,0.5683603,0.84609437
507818-21132399-3130,0.6935704,0.47127742
507818-21132401-3131,0.90486336,0.12641522
507818-21132409-3132,0.89088774,0.24083641
511354-21488728-3135,0.284427,0.6989956
511354-21488762-3136,0.46091902,0.6923766
511354-21488787-3137,0.8040316,0.25044316
511354-21488795-3138,0.7872875,0.22644883
511354-21488810-3139,0.76369095,0.2105586
511354-21488812-3140,0.8119432,0.23364809
511354-21488831-3141,0.81367576,0.23098913
511354-21488850-3142,0.7872112,0.22642773
511354-21488877-3143,0.62001115,0.19087818
504912-20896611-3144,0.772141,0.20107254
484569-19988623-3149,0.81379795,0.10851759
484569-19988672-3152,0.7286137,0.1886558
484569-19988676-3153,0.77405804,0.147472
484569-19988697-3154,0.78511715,0.19530353
484569-19988700-3155,0.5835366,0.78573656
484569-19988713-3156,0.80372703,0.20200184
484569-19988728-3157,0.782446,0.19538999
484569-19988731-3158,0.64665025,0.16637811
484569-19988747-3161,0.7207363,0.11603922
484569-19988748-3162,0.72073597,0.11603877
484569-19988749-3163,0.7207362,0.116038114
484569-19988753-3164,0.8657154,0.060521662
484569-19988755-3165,0.8512759,0.050507486
484569-19988763-3166,0.7956121,0.31264552
484569-19988765-3167,0.81332624,0.23234567
484569-19988766-3168,0.7820428,0.19548404
484569-19988768-3169,0.85516846,0.35432988
484569-19988769-3170,0.8304043,0.082599014
484569-19988770-3171,0.8332017,0.07251263
484569-19988771-3172,0.78033334,0.10459998
484569-19988775-3173,0.79437023,0.25784537
484569-19988778-3174,0.7286892,0.18850547
484569-19988779-3175,0.770821,0.20192549
484569-19988780-3176,0.8304049,0.082600266
484569-19988882-3194,0.57460606,0.8132946
512980-21611484-3313,0.7391645,0.0510754
498493-20615305-3195,0.6357263,0.23366913
498493-20615305-3196,0.69174916,0.12759039
498493-20615308-3197,0.904862,0.1264205
498493-20615309-3198,0.9048611,0.12642118
498493-20615310-3199,0.48597527,0.91323113
498493-20615311-3200,0.8137909,0.10852495
498493-20615316-3201,0.8684907,0.073916316
514776-21825412-3202,0.7708986,0.20230761
506980-21069432-3203,0.8121163,0.23292345
499423-20673161-3317,0.85254294,0.041222453
516693-21924156-3204,0.78572094,0.33080178
516693-21924174-3205,0.8010241,0.2533168
516693-21924178-3206,0.890895,0.24080893
499812-20735558-3316,0.81640077,0.043533206
507617-21125458-3315,0.8377739,0.009599626
494032-20248504-3207,0.16166615,0.9553509
494032-20248504-3208,0.14903975,0.9641212
516931-21942241-3325,0.9251783,0.17455047
516931-21942251-3326,0.7732591,0.19924834
516931-21942258-3327,0.777199,0.19566885
519242-22116166-3210,0.8935842,0.3003546
519242-22116168-3211,0.72073215,0.11604813
519242-22116173-3212,0.76438373,0.20903245
498148-20557154-3213,0.90486544,0.12641269
498259-20593813-3215,0.80432,0.25016376
508656-21226554-3216,0.10603288,0.9554266
508755-21238401-3242,0.7872803,0.22635952
508755-21238407-3243,0.8127543,0.23210451
508755-21238410-3244,0.4276525,0.82632273
508755-21238414-3245,0.76632327,0.20534226
508755-21238422-3246,0.95482755,0.34321165
508755-21238489-3249,0.8140677,0.23180223
498026-20459087-3251,0.8928373,0.17607439
498026-20459191-3252,0.90486413,0.12641478
508757-21239327-3253,0.7207314,0.11605099
508757-21239362-3254,0.76198614,0.21506283
508757-21239398-3255,0.72073126,0.11605039
520087-22148432-3256,0.13671523,0.9037449
520087-22148434-3257,0.8505688,0.0027272701
506985-21069557-3259,0.77410686,0.14743534
506985-21069568-3260,0.8908943,0.2408137
506985-21069574-3261,0.9501934,0.35777947
506985-21069579-3262,0.9531983,0.35225877
506985-21069602-3263,0.8908912,0.2408185
506985-21069606-3264,0.5203902,0.6897657
506985-21069618-3265,0.8909368,0.24080166
506985-21069634-3266,0.89090157,0.24080047
506985-21069872-3267,0.76343256,0.21124515
506985-21069877-3268,0.89089817,0.24080321
506985-21069891-3269,0.8264235,0.14167964
506985-21069902-3270,0.7920418,0.1960007
557655-23011448-3342,0.39876714,0.43879592
557655-23011476-3318,0.8908932,0.24080735
557655-23011486-3319,0.8908914,0.24081454
557655-23011492-3320,0.48206127,0.8990253
511332-21485860-3271,0.08650133,0.71230257
500662-20790748-3328,0.14065817,0.90134454
499878-20746289-3273,0.14995372,0.8326869
506279-21007707-3279,0.7657345,0.20643708
506279-21007709-3280,0.79707325,0.25586948
506279-21007710-3281,0.80413675,0.25068155
506279-21007712-3282,0.78619504,0.25785726
506279-21007714-3283,0.5203908,0.6897657
506279-21007714-3284,0.463112,0.69095904
506279-21007715-3285,0.52039057,0.6897698
506279-21007716-3286,0.25915056,0.6450076
506279-21007722-3287,0.61431825,0.47484145
506279-21007724-3288,0.62379676,0.23560083
506279-21007725-3289,0.62379354,0.2356062
506279-21007726-3290,0.77234197,0.25261644
506279-21007728-3291,0.47438228,0.69029164
508707-21235204-3294,0.7662661,0.24391869
508707-21235222-3295,0.7654679,0.24241993
506979-21068985-3296,0.79685104,0.25637037
499835-20740673-3329,0.84611267,0.10090634
527434-22390575-3306,0.42529345,0.45353723
527434-22390579-3307,0.614314,0.47484386
527434-22390705-3308,0.84611315,0.10090527
527434-22390714-3309,0.6143162,0.47484252
527434-22390727-3310,0.6143173,0.47484118
527434-22390758-3311,0.80709213,0.24874488
513043-21680622-3314,0.7391629,0.05107844
499412-20672748-3358,0.83547544,0.009757638
500659-20790333-3355,0.8123137,0.046982586
534946-22589335-3356,0.797231,0.25605634
534946-22589330-3357,0.54700744,0.7824117
558361-23024939-3353,0.84616935,0.100850224
