id,tsne-2d-one,tsne-2d-two
410634-16256026-747,-21.185171,23.323717
410634-16256063-748,11.816576,44.38652
410634-16256065-749,10.851884,43.720947
410634-16256068-750,29.918657,7.007298
410634-16256077-751,8.173279,40.028706
414105-16373250-19,10.827783,-23.748074
414105-16373338-20,42.34232,-24.070814
414105-16373348-21,-14.623724,-0.8690146
414105-16373407-22,25.242508,-29.606169
414105-16373473-23,-7.539272,-33.229374
414105-16373498-24,12.198497,-32.22609
414105-16373501-25,12.909834,-32.71013
414105-16373537-26,-1.9881288,-42.917885
414105-16373544-27,44.678074,-23.564873
414105-16373544-28,44.780937,-25.233328
414105-16373545-29,18.031807,33.48138
414105-16373551-30,8.654148,10.206698
414105-16373558-31,20.885605,32.08686
414105-16373561-32,29.001787,21.02037
414105-16373573-33,24.520685,8.322254
414105-16373577-34,37.70518,-20.275455
414105-16373577-35,40.731785,-16.744747
414105-16373581-36,42.70879,-28.837769
414105-16373588-38,-37.08302,-34.076134
414105-16373592-39,-37.14669,-33.689514
414105-16373600-40,41.837982,-30.308414
414105-16373610-41,12.808843,23.70913
414105-16373618-42,45.122036,-19.443438
414105-16373621-43,-5.7006187,6.5400195
414105-16373626-44,46.185867,-20.083824
414105-16373637-45,41.74671,-30.49593
414105-16373639-46,-39.635624,-41.446453
414105-16373676-47,33.141315,5.0366073
414105-16373680-48,36.0334,13.735877
414105-16373683-49,34.50589,5.171214
414105-16373683-50,-19.696764,-4.112902
414105-16373685-51,24.645458,13.652554
414105-16373696-53,42.59595,-20.476091
414105-16373698-54,39.77831,-24.336302
414105-16373698-55,9.699595,-38.649166
414105-16373704-56,42.995693,-28.346472
414105-16373705-57,36.673096,-19.496151
414105-16373709-58,23.855053,-20.396849
414105-16373713-59,1.5402418,-29.935005
414105-16373713-60,29.390385,1.2578508
414105-16373714-61,-9.115853,5.5060997
414105-16373719-62,-20.778116,-6.9258537
414105-16373722-63,33.273277,3.8172534
414105-16373723-64,32.55935,3.6758156
414105-16373723-65,31.832499,6.119536
414105-16373725-66,39.43612,-22.468542
414105-16373725-67,11.364622,3.6232576
414105-16373737-68,-20.819845,22.68624
414105-16373756-69,36.09126,0.79516554
414105-16373756-70,35.750393,3.1892538
414105-16373764-71,-1.5219568,5.332597
414105-16373769-72,19.943283,-38.12283
414105-16373787-73,-10.162712,6.9985585
414105-16373788-74,-9.326481,6.15481
414105-16373788-75,31.380878,8.394905
414105-16373793-76,37.538063,1.763916
414105-16373793-77,-1.1637719,6.108176
414105-16373796-78,26.686934,18.410242
414105-16373797-79,37.619072,-1.8191712
414105-16373807-80,12.1448345,18.323605
414105-16373810-81,-11.679686,5.5104656
414105-16373815-82,4.103528,-30.278801
414105-16373835-83,17.299505,34.54724
414105-16373839-84,8.219037,2.6645525
414105-16373847-85,1.5355517,9.170172
414105-16373872-86,11.15694,-2.0483675
414105-16373876-87,-3.268831,22.859898
414105-16373885-88,35.331818,1.765708
414105-16373886-89,35.890743,-7.9547
414105-16373886-90,36.861073,-0.27492243
414105-16373892-91,1.7229323,6.8067737
414105-16373894-92,20.782076,33.19377
414105-16373895-93,24.331772,33.020855
414105-16373903-94,36.26869,-21.499378
414105-16373912-95,-9.868596,4.843186
414105-16373913-96,21.885029,9.85175
414105-16373914-97,26.911495,15.815019
414105-16373925-98,-3.3336842,10.152448
414105-16373929-99,28.120663,39.726475
414105-16373936-100,-37.510952,-35.884583
414105-16373947-101,29.049185,18.399971
414105-16373994-102,5.699636,8.320663
414105-16373997-103,3.617982,11.660481
414105-16374000-104,1.5735986,6.567977
414105-16374017-105,20.819141,34.081505
414105-16374019-106,-3.951938,5.352382
414105-16374035-107,30.316029,30.472076
414105-16374042-108,24.105955,17.204357
414105-16374043-109,30.685488,45.49939
414105-16374043-110,30.442755,45.252865
414309-16413051-1971,-22.554102,30.86176
414309-16413072-1972,24.016554,-40.10146
414309-16413072-1973,9.542456,-45.452904
414309-16413073-1974,12.802718,-43.54024
414309-16413075-1975,-33.790043,-30.246662
414309-16413075-1976,19.001902,-46.033875
414309-16413077-1977,11.584761,-37.723164
414309-16413077-1978,-33.71802,-30.707
414309-16413078-1979,7.193347,18.69848
414309-16413080-1980,34.17599,20.052603
414309-16413081-1981,34.97255,-2.2545578
414309-16413082-1982,24.568878,-42.759266
414309-16413083-1983,43.814983,-24.0205
414309-16413083-1984,15.446692,-46.905674
414309-16413084-1985,11.501835,-40.387947
414309-16413084-1986,42.201515,-22.194715
414309-16413091-1987,-13.595707,24.627344
414309-16413100-1988,-24.775837,-23.398016
414309-16413111-1989,23.74187,-20.583612
414309-16413113-1990,24.252186,-13.319627
414309-16413115-1991,-30.24356,-33.64997
414309-16413116-1992,30.472227,-2.1664872
414309-16413117-1993,26.800968,26.244413
414309-16413118-1994,35.26733,-0.38460514
414309-16413119-1995,35.55723,4.1282315
414309-16413120-1996,28.333736,-4.4305167
414309-16413124-1997,-18.035093,28.339104
414309-16413129-1998,-25.859173,13.510983
414309-16413131-1999,36.250317,11.843443
414309-16413134-2000,43.931145,-21.242664
414309-16413145-2001,-4.6575694,18.548698
414309-16413147-2002,-15.04134,-9.372888
414309-16413149-2003,30.560755,18.724176
414309-16413152-2004,24.78508,41.08074
414309-16413153-2005,28.402454,32.85896
414309-16413155-2006,32.138695,1.2719755
414309-16413159-2007,-18.106081,23.385405
414309-16413162-2008,29.57765,8.2486725
414309-16413175-2009,11.514862,-46.43222
414309-16413176-2010,12.955685,-44.354584
414309-16413176-2011,11.810796,-45.779907
414309-16413178-2012,15.821085,-45.95932
414309-16413178-2013,21.66266,-35.966564
414309-16413179-2014,-14.428523,-8.92456
414309-16413180-2015,-14.906168,-9.733265
414309-16413194-2016,1.0393524,-25.366394
414309-16413206-2017,15.422926,-40.910976
414309-16413208-2018,18.371696,-41.144123
414309-16413212-2019,18.020643,-40.322666
414309-16413214-2020,29.254797,-4.0343046
414309-16413219-2021,14.058909,-42.010677
414309-16413221-2022,17.185057,-0.088107884
414309-16413223-2023,27.608143,-2.2262168
414309-16413227-2024,17.358278,-16.12656
414309-16413230-2025,19.960274,-46.000923
414309-16413233-2026,16.996813,-16.324663
414309-16413237-2027,30.634556,-3.313169
414309-16413242-2028,13.027898,-3.8129337
414309-16413254-2029,22.271774,-23.612122
414309-16413261-2030,9.550697,-39.934006
414309-16413270-2031,-1.1046872,-40.126587
414309-16413275-2032,-23.990309,-36.301025
414309-16413282-2033,43.30745,-19.456259
414309-16413299-2034,9.803745,-31.90228
414309-16413300-2035,8.714875,-32.08157
414309-16413304-2036,9.424743,-31.22665
414309-16413324-2037,24.086636,-40.879597
414309-16413329-2038,16.62974,-43.830944
414309-16413329-2039,19.590588,-45.078312
414309-16413331-2040,24.20557,-41.42899
414309-16413332-2041,24.878391,10.044379
414309-16413338-2042,21.64955,-43.14716
414309-16413339-2043,23.914768,-22.158234
414309-16413343-2044,-32.36715,-30.097626
414309-16413344-2045,16.839119,-44.87817
414309-16413346-2046,40.8885,-19.800129
414309-16413349-2047,13.559581,-45.36112
414309-16413353-2048,17.621279,-44.877655
414309-16413360-2049,-18.294891,24.300404
414309-16413365-2050,46.458294,-22.250278
414309-16413369-2051,41.217705,-22.829552
414309-16413370-2052,38.07218,-2.9442508
414309-16413374-2053,-2.8792388,-40.181267
414309-16413375-2054,20.106405,-40.970425
414309-16413386-2055,45.57549,-21.623438
414309-16413390-2056,0.34605256,-37.215504
414309-16413390-2057,44.31993,-21.93331
414309-16413399-2058,20.702211,-45.020145
414309-16413399-2059,45.97646,-22.835093
414309-16413401-2060,15.7397585,-18.226326
414309-16413403-2061,-2.0837505,-38.001976
414309-16413411-2062,32.37013,30.765253
414309-16413414-2063,17.594177,-46.85908
414309-16413416-2064,8.692426,-34.47178
414309-16413420-2065,19.047173,-41.949764
414309-16413421-2066,15.682058,-18.392015
414309-16413425-2067,22.860561,-28.263039
414309-16413435-2068,16.21959,-38.258053
414309-16413440-2069,13.831463,-44.453716
414309-16413449-2070,19.542078,-40.035984
414309-16413461-2071,5.5361295,16.132246
414309-16413472-2072,42.93478,-22.704054
414309-16413475-2073,-1.8928268,-31.379099
414309-16413481-2074,-13.838979,-8.208505
414309-16413486-2075,21.403032,-41.288494
414309-16413488-2076,14.835857,-44.23046
414309-16413492-2077,23.96034,-28.139135
414309-16413493-2078,23.369083,-26.968014
414309-16413495-2079,-2.8607574,-29.890858
414309-16413497-2080,42.202175,-19.009798
414309-16413499-2081,39.225548,-0.80009645
414309-16413504-2082,27.055357,37.674103
414309-16413513-2083,7.0581064,-31.416008
414309-16413516-2084,40.537693,-21.689392
414309-16413528-2085,12.106711,-40.288963
414309-16413532-2086,19.736204,-43.186897
414309-16413535-2087,17.253256,-45.854427
414309-16413537-2088,13.801293,-6.6834974
414309-16413537-2089,6.86948,-33.463318
414309-16413539-2090,5.745965,-30.788572
414309-16413540-2091,17.398497,-41.969566
414309-16413549-2092,41.875492,-17.939209
414309-16413553-2093,19.05094,-17.16603
414309-16413554-2094,43.449013,-17.08817
414309-16413556-2095,44.100998,-17.490894
414309-16413561-2096,-20.866941,-16.857782
414309-16413567-2097,9.618445,-24.704071
414309-16413570-2098,36.871143,-3.6313405
414309-16413572-2099,8.757854,-4.668567
414309-16413574-2100,32.006104,-9.202957
414309-16413577-2101,36.514217,-3.3835142
414309-16413579-2102,8.879047,-4.818142
414309-16413624-2103,20.449198,-35.830544
414309-16413629-2104,32.232494,-2.4833915
414309-16413632-2105,32.31369,-1.7691789
414309-16413635-2106,32.50032,-0.53287137
414309-16413643-2107,10.386984,-34.796463
414309-16413649-2108,16.088516,-42.19185
414309-16413666-2109,36.167404,23.649443
414309-16413675-2110,31.223637,-4.4479237
414309-16413683-2111,13.30554,-47.318752
414309-16413686-2112,20.665869,-39.24344
414309-16413688-2113,-19.548607,-6.946045
414309-16413694-2114,17.646679,-6.401286
414309-16413696-2115,21.534697,-38.509346
414309-16413706-2116,18.479044,-6.4428973
414309-16413706-2117,20.439692,-34.136734
414309-16413706-2118,24.520077,-28.942379
414309-16413709-2119,8.21183,-30.366581
414309-16413713-2120,24.658232,-26.356192
414309-16413716-2121,22.098494,-32.659782
414309-16413724-2122,40.99604,-21.540327
414309-16413729-2123,10.462622,-27.999735
414309-16413731-2124,-9.573683,2.798585
414309-16413737-2125,21.804167,-37.482716
414309-16413741-2126,15.820924,-38.369183
414309-16413744-2127,17.033316,-6.5802484
414310-16413609-2128,14.856459,-25.492619
414310-16413702-2129,-23.96197,-23.584934
414310-16413756-2130,33.662228,21.103975
414310-16413760-2131,-32.834373,-28.731745
414310-16413760-2132,33.187206,-19.663492
414310-16413781-2133,-22.471,-29.892563
414310-16413782-2134,-7.6660695,-12.027249
414310-16413783-2135,-5.934667,-13.474925
414310-16413784-2136,-10.289104,-18.009706
414310-16413785-2137,33.340397,-19.052872
414310-16413785-2138,-6.7857738,-10.62463
414310-16413788-2139,32.995388,18.919123
414310-16413790-2140,26.974937,-4.2614884
414310-16413791-2141,32.76086,-3.3457146
414310-16413792-2142,6.7463655,-57.4453
414310-16413792-2143,8.316188,-58.811455
414310-16413796-2144,36.486286,27.887104
414310-16413797-2145,27.340952,26.809683
414310-16413798-2146,8.003757,22.836468
414310-16413799-2147,39.68525,-10.757275
414310-16413801-2148,37.389854,-10.1939
414310-16413801-2149,36.787846,-11.027896
414310-16413801-2150,38.306965,-11.396961
414310-16413801-2151,37.574883,-9.225361
414310-16413802-2152,36.217827,-10.025269
414310-16413803-2153,-25.219463,21.74756
414310-16413805-2154,13.6694765,33.69399
414310-16413816-2155,7.299219,-57.378807
414310-16413817-2156,-5.380948,-39.617603
414310-16413819-2157,1.988654,-9.62519
414310-16413823-2158,-23.252209,-12.135607
414310-16413823-2159,5.627632,20.296686
414310-16413824-2160,-1.6706768,-33.015457
414310-16413827-2161,4.8743615,18.050789
414310-16413827-2162,6.456449,19.995441
414310-16413828-2163,33.71591,-19.475908
414310-16413828-2164,4.46854,18.127203
414310-16413829-2165,-4.8301287,-26.727509
414310-16413829-2166,6.6786137,21.073002
414310-16413830-2167,-20.988821,-24.462566
414310-16413830-2168,5.6307883,19.621145
414310-16413830-2169,-8.253507,14.10505
414310-16413832-2170,9.68107,-19.217403
414310-16413850-2171,24.342646,-30.941336
414310-16413850-2172,-12.660858,-27.847334
414310-16413851-2173,-11.970448,-27.754423
414310-16413851-2174,-10.742414,-27.59558
414310-16413852-2175,-12.912633,-26.75779
414310-16413852-2176,-13.362206,-25.648731
414310-16413855-2177,7.801238,22.614368
414310-16413858-2178,9.811143,9.410936
414310-16413859-2179,-7.9350204,-9.010499
414310-16413861-2180,-12.271886,-29.620975
414310-16413862-2181,21.502045,-15.129448
414310-16413864-2182,23.28778,-15.686213
414310-16413865-2183,-23.143318,-15.805187
414310-16413866-2184,-23.571424,-13.336546
414310-16413866-2185,-24.924837,-13.539102
414310-16413867-2186,-25.643316,-12.6528845
414310-16413867-2187,-24.861904,-12.363095
414310-16413868-2188,-21.845755,-13.901166
414310-16413870-2189,6.1715493,-28.181986
414310-16413872-2190,35.903793,27.631653
414310-16413891-2191,-9.284664,30.364626
414310-16413892-2192,-8.546953,30.630571
414310-16413893-2193,-7.6840653,31.296215
414310-16413897-2194,36.266693,-13.383401
414310-16413898-2195,35.94623,-13.844337
414310-16413898-2196,8.259657,29.183933
414310-16413898-2197,-27.005423,-21.11356
414310-16413899-2198,22.879967,-15.289302
414310-16413899-2199,-33.730423,-0.6534693
414310-16413899-2200,7.4061346,-3.7839713
414310-16413899-2201,-34.422684,0.05587214
414310-16413900-2202,7.3005376,-6.187575
414310-16413900-2203,-19.434435,22.749556
414310-16413901-2204,-15.279273,24.413885
414310-16413901-2205,-19.574476,21.16624
414310-16413902-2206,24.15759,1.0794585
414310-16413903-2207,13.673496,-13.36373
414310-16413904-2208,-24.507244,20.44245
414310-16413905-2209,17.810295,-11.645733
414310-16413905-2210,17.71384,-11.141117
414310-16413906-2211,15.405176,-11.960025
414310-16413906-2212,15.933919,-12.179698
414310-16413907-2213,13.88764,-11.325845
414310-16413908-2214,7.5429754,-30.16667
414310-16413908-2215,-6.5754457,-15.737416
414310-16413910-2216,5.3288984,1.6410453
414310-16413911-2217,12.770892,-12.26199
414310-16413912-2218,-26.98438,10.697484
414310-16413912-2219,32.66374,22.204094
414310-16413912-2220,-26.557404,11.050579
414310-16413913-2221,-26.054638,-20.972933
414310-16413913-2222,-17.173086,15.542999
414310-16413913-2223,6.6510725,-26.55334
414310-16413914-2224,6.1007485,-2.6688116
414310-16413916-2225,-34.94115,-17.073416
414310-16413917-2226,-18.285841,22.236616
414310-16413918-2227,12.61697,-14.752449
414310-16413918-2228,-15.77311,-17.891613
414310-16413919-2229,-37.09506,-22.744513
414310-16413919-2230,9.541106,-37.703407
414310-16413920-2231,-23.290945,15.709056
414310-16413922-2232,14.533756,-10.606838
414310-16413924-2233,12.094109,-15.146893
414310-16413925-2234,-17.200037,15.382815
414310-16413928-2235,18.983488,9.644085
414310-16413929-2236,-12.502214,27.93554
414310-16413930-2237,-14.009161,29.11451
414310-16413935-2238,-5.9356127,31.64758
414310-16413936-2239,18.69752,36.27735
414310-16413939-2240,-11.895036,31.152122
414310-16413943-2241,-8.011056,29.5635
414310-16413946-2242,-6.4430604,28.393791
414310-16413948-2243,-8.845587,28.811237
414310-16413951-2244,-5.9857697,29.38151
414310-16413953-2245,-8.978893,27.78631
414310-16413955-2246,-7.554995,28.051718
414310-16413959-2247,-12.902483,27.4425
414310-16413961-2248,-6.801802,29.974285
414310-16413962-2249,-10.129584,26.899563
414310-16413963-2250,-4.4210744,30.212395
414310-16413965-2251,-9.201806,31.613663
414310-16413970-2252,-10.305253,28.916014
414310-16413971-2253,10.240069,30.04878
414310-16413973-2254,-11.337405,26.966938
414310-16413974-2255,-11.270715,-1.8007053
414310-16413979-2256,-23.555372,-25.614542
414310-16413980-2257,38.9836,25.248089
414310-16413981-2258,12.594876,-9.290338
414310-16413986-2259,-19.164888,26.023777
414310-16413988-2260,-5.319685,27.744123
414310-16413990-2261,4.5825887,-27.735159
414310-16413992-2262,-20.176039,27.54842
414310-16413994-2263,-18.62826,-27.984772
414310-16413999-2264,-18.110989,35.114254
414310-16413999-2265,-18.949804,35.387516
414310-16413999-2266,-18.024067,35.368202
414310-16414010-2267,-17.69551,27.049404
414310-16414016-2268,-6.916537,26.933182
414310-16414016-2269,-16.021532,29.907969
414310-16414025-2270,-23.849815,27.769596
414310-16414038-2271,12.501385,0.65877265
414310-16414041-2272,-20.317698,28.27195
414310-16414050-2273,9.624322,30.93281
414310-16414075-2274,28.461279,37.029793
414310-16414078-2275,-1.469169,-39.391415
414310-16414078-2276,11.313786,-8.709565
414310-16414083-2277,-23.3579,29.271717
414310-16414086-2278,-26.948795,27.60653
414310-16414104-2279,6.9449353,-56.931324
414310-16414108-2280,-10.497462,30.045921
414310-16414111-2281,8.400855,-58.801037
414310-16414114-2282,13.729024,33.849724
414310-16414117-2283,8.496724,9.097884
414310-16414117-2871,38.742786,-11.8315735
414310-16414120-2285,27.654888,-15.348098
414310-16414123-2286,37.714184,20.374458
414310-16414129-2287,24.686428,11.124064
414310-16414138-2288,24.34048,-15.199056
414310-16414141-2289,-4.3532605,13.410771
414310-16414144-2290,9.276291,0.25373283
414310-16414147-2291,-34.129208,-34.43922
414310-16414219-2293,-20.910912,-24.420069
414310-16414225-2294,8.98655,-23.675207
414310-16414231-2295,2.7936227,25.218323
414310-16414243-2296,33.186474,26.544098
414310-16414278-2297,11.431328,47.602634
414310-16414288-2298,-8.605718,10.845769
414310-16414291-2299,32.787315,26.541218
414310-16414294-2300,36.547283,19.84352
414310-16414297-2301,-27.367128,-26.474318
414310-16414303-2302,12.999075,1.2223552
414310-16414311-2303,-15.394635,-37.201077
414310-16414311-2304,-15.50756,-37.798317
414310-16414311-2305,-15.498207,-38.85705
414310-16414314-2306,-14.02768,-28.37786
414310-16414317-2307,-26.374054,9.375803
414310-16414325-2308,11.473069,47.403137
414310-16414348-2309,-23.186968,-30.385077
414310-16414387-2310,-32.551266,-29.07373
414310-16414396-2311,35.42852,33.20168
414310-16414399-2312,35.67286,33.2809
414310-16414423-2313,27.765738,13.797594
414310-16414429-2314,33.530563,18.768335
414310-16414432-2315,35.483665,23.166092
414310-16414454-2316,9.961611,-30.10575
414310-16414457-2317,-22.91305,-18.517511
414310-16414460-2318,-25.018177,-22.283157
414310-16414460-2319,-26.168194,-18.85767
414310-16414463-2320,-21.684013,-31.050165
414310-16414466-2321,-30.432444,17.701582
414310-16414481-2322,-26.916208,-23.712603
414310-16414481-2323,-28.89576,-26.419327
414310-16414485-2324,-26.878738,-25.55579
414310-16414487-2325,-19.31747,-28.036165
414310-16414490-2326,17.960283,-31.193314
414310-16414496-2327,-28.026297,-24.902546
414310-16414500-2328,-28.920769,-24.40941
414310-16414503-2329,33.654026,25.15475
414310-16414509-2330,-23.99507,-29.507915
414310-16414512-2331,-25.613857,-32.534626
414310-16414515-2332,-10.110097,-24.289764
414310-16414519-2333,-8.034906,-25.12353
414310-16414522-2334,-27.2196,-32.80503
414310-16414522-2335,-18.553377,16.215843
414310-16414534-2336,-2.4917617,-29.262262
414310-16414534-2337,-5.957147,-14.3765
414310-16414537-2338,18.283941,-32.024025
414310-16414545-2339,-26.10562,-13.933717
414310-16414645-2340,23.049417,17.772203
414310-16414648-2341,4.9818907,22.152431
414310-16414651-2342,2.5764349,-0.7774416
414310-16414660-2343,25.150045,42.312164
414310-16414664-2344,26.293938,39.347458
414310-16414664-2345,25.767965,38.072323
414310-16414667-2346,-8.484222,16.903137
414310-16414670-2347,-9.639046,-25.74055
414310-16414687-2348,34.609894,22.480934
414310-16414690-2349,-1.217768,28.5008
414310-16414690-2350,-2.4639213,28.584726
414310-16414693-2351,10.608585,-26.428343
414310-16414731-2352,21.7865,-20.766357
414310-16414734-2353,22.666515,-21.63503
414310-16414739-2354,7.4114647,-26.234173
414310-16414745-2355,33.401577,7.855368
414310-16414751-2356,-18.002338,26.367186
414310-16414754-2357,10.642841,29.750914
414310-16414806-2358,12.175339,-48.05036
414310-16414812-2359,-22.658195,-31.906347
414310-16414815-2360,-20.62961,-31.544502
414310-16414818-2361,-34.62062,20.495977
414310-16414821-2362,-31.783457,21.222963
414310-16414849-2363,-24.093966,-9.158694
414310-16414966-2364,-3.5236325,-41.089096
414310-16414969-2365,-0.8507584,-41.65392
414310-16414969-2366,-1.6719505,-41.731224
414310-16414977-2367,21.361261,-31.205462
414310-16414984-2368,-14.823889,-15.55287
414310-16414991-2369,-9.520543,-12.362983
414310-16415005-2872,17.294315,-29.117994
414310-16415008-2873,25.404575,-27.589987
414310-16415011-2372,-17.052656,25.954731
414310-16415088-2373,-10.875405,-15.415889
414312-16412845-616,14.276426,-27.438358
414312-16412864-617,-1.9475895,-26.6366
414312-16412870-618,18.869312,-11.951064
414312-16412886-619,-20.913418,9.694518
414312-16412887-620,-13.841549,5.750715
414312-16412889-621,-28.986856,-28.812555
414312-16412890-622,-8.469389,-1.9746034
414312-16412969-623,36.40278,20.621101
414312-16412974-624,33.92809,31.995464
414312-16412980-625,2.23718,4.9816856
414312-16412982-626,44.854843,8.158183
414313-16415080-2877,13.338963,-6.228011
414313-16415083-2878,-11.267652,2.263234
414313-16415089-2879,-4.5897207,-11.549576
414313-16415096-2880,-4.294395,-10.485297
414314-16412929-1,31.406216,26.707975
414314-16412931-2,-12.845798,-15.931947
414314-16412931-3,-35.860092,-29.458963
414314-16412935-4,-38.223785,-8.634799
414314-16412935-5,-13.975484,-17.999586
414314-16412935-6,-14.225658,-18.374918
414314-16412937-7,-39.13153,-8.066524
414314-16412938-8,-28.098764,-30.59796
414314-16412943-9,-35.75729,-29.666786
414314-16412945-10,-29.895529,-27.394264
414314-16412947-11,-15.662602,-14.491282
414314-16412949-12,-23.534733,-0.49235076
414314-16412951-13,-12.196328,13.325158
484569-19988623-3149,34.93195,14.638414
484569-19988672-3152,25.97537,-22.482088
484569-19988676-3153,27.804512,0.87331295
484569-19988697-3154,29.152603,9.799932
484569-19988700-3155,25.885588,32.424152
484569-19988713-3156,15.726566,11.862058
484569-19988728-3157,23.981657,14.6054
484569-19988731-3158,33.8781,33.299572
484569-19988747-3161,30.254526,31.389288
484569-19988748-3162,31.11236,32.093674
484569-19988749-3163,16.453289,12.105905
484569-19988753-3164,22.179695,15.755533
484569-19988755-3165,7.930504,-6.4211435
484569-19988763-3166,9.38462,-1.231274
484569-19988765-3167,20.615135,9.431597
484569-19988766-3168,23.78227,15.587564
484569-19988768-3169,34.5463,15.477537
484569-19988769-3170,14.225226,-1.7963613
484569-19988770-3171,15.217552,2.4601715
484569-19988771-3172,4.6948276,-1.7168581
484569-19988775-3173,31.443577,15.381086
484569-19988778-3174,28.62732,35.616188
484569-19988779-3175,14.803252,6.252336
484569-19988780-3176,33.91739,13.205553
484569-19988882-3194,11.820879,-2.5816433
484577-19991839-2405,-4.8533683,-23.475382
484577-19991841-2406,13.150258,40.717846
484577-19991842-2407,-11.076533,11.099634
484577-19991842-2408,-23.471045,14.675843
484577-19991861-2409,-7.311371,47.02807
484578-19989138-2708,-39.614876,-11.838848
484578-19989141-2709,-17.49449,6.9167795
484578-19989141-2710,-17.138695,7.3607545
484578-19989142-2711,-17.119932,6.557153
484578-19989144-2712,29.3794,1.8724452
484578-19989164-2713,-30.538113,-32.749474
484578-19989166-2714,-27.317305,-18.840277
484578-19989198-2715,-3.3390772,1.5095353
484578-19989198-2716,-3.8678155,1.8442187
484578-19989199-2717,-28.186266,-49.357056
484578-19989199-2718,-28.186932,-49.34291
484578-19989200-2719,-11.135466,-3.9781911
484578-19989203-2720,-14.39129,-0.53071916
484578-19989204-2721,-4.899357,0.43433768
484578-19989207-2722,-14.438357,-25.282179
484578-19989207-2723,-22.64385,-9.440434
484578-19989208-2724,-31.931057,-14.802788
484578-19989211-2725,25.803036,-21.487404
484578-19989212-2726,0.2205633,-29.284405
484578-19989214-2727,2.2161891,-23.996677
484578-19989222-2728,-3.3490624,-39.169693
484578-19989228-3345,6.6205425,-42.447334
484578-19989249-2730,-13.179739,6.319115
484578-19989249-2731,-20.820753,-5.220768
484844-19997757-627,-22.773323,29.914711
484844-19997777-628,-7.954216,26.303053
484844-19997783-629,17.204182,16.63141
484844-19997783-630,16.576124,16.501528
484844-19997783-631,17.446949,15.602893
484844-19997783-632,-44.965008,-21.536644
484844-19997783-633,-41.42137,-22.057234
484844-19997783-634,-40.39285,-22.65482
484844-19997783-635,-41.59665,-18.27402
484844-19997783-636,-40.713554,-19.805727
484844-19997783-637,-41.353386,-17.447441
484844-19997783-638,-42.01816,-19.42763
484844-19997783-639,-43.271873,-21.391714
484844-19997783-640,-44.35605,-21.02401
484844-19997792-641,-5.3211603,-37.652706
484844-19997792-642,-40.888912,-15.390897
484844-19997792-643,-42.750736,-17.526077
484844-19997792-644,-44.930653,-18.289421
484844-19997792-645,-44.964966,-17.942879
484844-19997792-646,31.815973,-9.480208
484844-19997792-647,-27.167377,-11.816565
484844-19997792-648,-38.752625,-14.028301
484844-19997792-649,13.555697,15.690777
484844-19997792-650,14.710313,16.02242
484844-19997792-651,-5.5796523,-37.189598
484844-19997792-652,-3.5976331,-36.257206
484844-19997792-653,34.196712,-11.566015
484844-19997792-654,-35.30592,-13.613906
484844-19997792-655,-0.22492993,-20.26947
484844-19997792-656,-15.025068,-21.208559
484844-19997792-657,-24.244701,-16.500172
484844-19997792-658,-22.819508,-7.072129
484844-19997792-659,-34.223274,-12.701199
484844-19997792-660,-9.95426,23.142084
484844-19997792-661,-6.3825254,-35.912357
484844-19997792-662,-30.112436,-22.071966
484844-19997808-1815,-10.246276,-10.345347
484844-19997808-663,-33.652176,-15.995918
484844-19997808-664,-36.988567,-19.083994
484844-19997808-665,-10.422511,-11.617622
484844-19997808-666,-41.02155,-23.239172
484844-19997808-667,-40.430782,-24.397083
484844-19997808-668,-34.30811,-15.433206
484844-19997808-669,-34.557854,-10.817216
484844-19997808-670,-38.98096,-22.331417
484844-19997808-671,15.499289,14.568419
484844-19997808-672,18.807903,13.52918
484844-19997808-673,17.759073,13.742716
484844-19997833-674,20.926695,37.067936
484844-19997833-675,21.001915,37.709866
484844-19997833-676,-33.88455,-14.560304
484844-19997842-677,0.7280912,24.731285
484844-19997848-678,0.2842807,24.833817
484844-19997848-679,-38.78129,-15.363861
484844-19997848-680,-41.67565,-20.615788
484844-19997848-681,-15.905501,-31.869276
484844-19997848-682,-25.071941,13.509542
484844-19997848-683,-40.855118,-16.303326
484844-19997856-684,-15.742334,-43.09892
484844-19997856-685,-41.69767,-13.828389
484844-19997859-686,-18.984749,-43.027462
484844-19997859-687,-17.817148,-44.29023
484844-19997859-688,-18.087112,-41.557404
484844-19997859-689,-16.99475,-40.598316
484844-19997859-690,-17.870995,-40.193813
484844-19997859-691,-18.9342,-40.510895
484844-19997864-692,-17.718374,-43.126263
484844-19997864-693,-15.103349,-41.35688
484844-19997864-694,-16.137966,-40.771664
484844-19997867-695,-38.96194,-19.219978
484844-19997867-696,-16.954302,-41.98513
484844-19997867-697,-42.595413,-23.521358
484844-19997891-698,-37.777683,-17.19107
484844-19997891-699,-30.909866,-10.372273
484844-19997891-700,-33.686665,-14.019579
484844-19997891-701,-31.0473,-8.031065
484844-19997891-702,5.826748,32.735153
484844-19997891-703,5.916886,32.91453
484844-19997891-704,-32.982258,-8.173769
484844-19997891-705,-34.32402,-6.2413635
484844-19997891-706,-31.623026,-9.399664
484844-19997891-707,-38.087914,-18.124962
484844-19997891-708,-39.725075,-15.448381
484844-19997891-709,-40.00529,-17.062151
484844-19997891-710,-41.901886,-16.217304
484844-19997925-711,-4.4596233,-1.2435418
484844-19997925-712,-3.9490411,-1.8803076
484844-19997925-713,-43.139614,-24.638586
484844-19997942-714,25.825073,20.885546
484844-19997947-715,25.773106,21.94825
484844-19997947-716,29.48722,-6.1164784
484844-19997954-717,35.777714,24.599657
484844-19997977-718,20.298828,28.625517
484844-19997987-719,9.772046,10.791011
484844-19998004-720,9.84448,7.6769953
484844-19998011-721,9.718669,0.6988016
484844-19998021-722,-21.915916,-19.675243
486160-20033022-2374,-16.251158,23.78021
486160-20033074-2375,-38.21168,1.002367
486160-20033082-2376,-28.823957,-34.63816
486160-20033087-2377,-16.410112,11.65241
486160-20033099-2378,6.4363656,-10.122512
486209-20035632-2381,16.786545,-25.583057
486209-20035727-2382,-33.693737,9.050568
486209-20035734-2383,-45.701233,-0.22214088
486209-20035748-2384,-41.297894,5.822718
486209-20035758-2385,-46.22624,5.7991285
486209-20035758-2386,-45.45174,5.06544
486209-20035764-2387,-46.45045,7.0485334
486209-20035764-2388,-46.958965,6.9908133
486209-20035767-2389,-47.44693,5.2811565
486209-20035769-2390,-47.692196,-1.3129869
486209-20035777-2391,-44.094578,2.7211306
486209-20035787-2392,-47.336063,-0.35770616
486209-20035789-2393,-48.11569,-0.27264765
486209-20035789-2394,-46.87897,-0.34883413
486209-20035792-2395,-42.003517,8.693626
486209-20035841-2396,1.0986458,-12.29598
486209-20035843-2397,-45.3855,2.4064906
486209-20035860-2398,-43.325905,5.573174
486209-20035869-2399,-42.365265,9.95834
486209-20035869-2400,-45.831005,9.966515
486209-20035879-2401,-45.84909,9.651204
486234-20037128-2402,16.573288,-26.41978
491023-20157859-2897,14.596259,-25.991087
491023-20157866-2898,27.925198,18.17568
494032-20248504-3207,-21.922768,-33.981655
494032-20248504-3208,8.741747,-40.101234
494079-20251914-3029,-0.79376745,17.902569
494079-20251916-3030,-8.790743,3.334069
494079-20251916-3031,31.269583,24.474796
494079-20251917-3032,-22.824665,-28.971313
494079-20251918-3033,-5.738248,-32.197758
494079-20251918-3034,-6.5165405,-32.392372
494079-20251918-3035,-6.620982,-31.08606
494079-20251918-3036,-6.7941384,-31.634909
494079-20251919-3037,21.742981,-3.9078221
494079-20251919-3038,30.530218,22.372122
494079-20251920-3039,38.305695,16.542578
494079-20251920-3040,25.172066,28.868477
494079-20251921-3041,-28.510952,-29.867022
494079-20251921-3042,-38.966717,-36.32916
494079-20251922-3043,9.655215,-16.789331
494079-20251923-3044,-10.880138,19.065668
494079-20251923-3045,25.562239,28.274319
494079-20251924-3046,-28.640062,-32.67308
494079-20251926-3047,20.885838,-22.45449
494079-20251927-3048,0.30973512,-33.649677
494079-20251927-3049,9.71102,-18.372364
494134-20255162-2954,-24.550257,29.523792
494134-20255191-2955,-6.51246,18.60023
494134-20255197-2956,-5.888661,19.524004
494134-20255202-2957,-6.814358,24.915342
494134-20255451-2958,-31.86553,-34.997574
494134-20255473-2959,-31.51383,29.830849
494134-20255473-2960,-31.166393,21.657156
494134-20255540-2961,-5.0333786,21.109797
494134-20255643-2962,-26.60065,25.627792
494134-20255654-2963,-30.009253,29.375404
494134-20255654-2964,-30.169003,25.80854
494134-20255665-2965,-29.28686,26.405306
494134-20255671-2966,-29.32261,28.784245
494134-20255676-2967,-27.911974,25.707428
494134-20255687-2968,-30.134457,24.353792
494134-20255698-2969,-24.92299,25.198223
494134-20255753-2970,-30.951616,27.440462
494134-20255757-2971,-32.200863,25.012096
494134-20255763-2972,-32.687748,22.530281
494134-20255774-2973,-31.811056,22.8625
494134-20255785-2974,-34.518616,24.144503
494134-20255795-2975,-28.94502,27.581303
494134-20255808-2976,-33.161182,27.594395
494134-20255826-2977,-32.519104,30.019047
494134-20255857-2978,-31.219246,28.394907
494134-20255861-2979,-33.48517,25.563986
494134-20255872-2980,-33.575527,26.773508
494134-20255882-2981,-30.082552,28.151764
494134-20255882-2982,-30.446688,23.845078
494134-20255894-2983,-28.116493,27.513227
494134-20255904-2984,-35.114967,25.197327
494134-20255904-2985,-35.791267,23.757584
494134-20255920-2986,-32.99841,23.980217
494134-20255932-2987,-31.849424,26.023586
494141-20258271-3052,-14.637314,-36.33045
494250-20262046-3004,-12.6111,18.697529
494275-20270628-3053,4.8799753,42.441814
494275-20270630-3054,-17.288607,-4.8278565
494275-20271318-3056,-31.679125,19.50448
497988-20451791-3074,-4.2935896,-19.292004
497988-20451791-3075,-11.913338,-17.044184
497988-20451889-3076,19.715704,-13.307752
498011-20452366-2734,27.130827,45.278114
498019-20456796-2933,5.846023,45.99608
498026-20459087-3251,9.433764,47.1529
498026-20459191-3252,0.44081068,-4.1717477
498062-20496743-2932,10.820092,49.923485
498101-20507741-3089,9.742792,41.375595
498101-20507741-3090,-1.4756194,-37.75077
498101-20507741-3091,23.826687,-24.203915
498101-20507761-3092,11.564174,41.17461
498101-20507782-3093,-24.51634,-20.898548
498101-20507805-3094,-0.07533657,-8.203201
498101-20507828-3095,-6.070886,-39.31809
498101-20507867-3096,0.9497971,-11.776641
498101-20507896-3097,-0.36574763,-7.8051763
498101-20507914-3098,0.73037934,-4.0866923
498101-20508017-3099,24.441908,-25.052425
498148-20557154-3213,16.725588,37.22849
498259-20593813-3215,8.267918,38.860687
498397-20614547-3324,17.291605,9.515905
498397-20614586-3073,-23.817165,9.085552
498493-20615305-3195,-10.9688635,16.136
498493-20615305-3196,-7.855135,-35.17527
498493-20615308-3197,9.262107,45.245667
498493-20615309-3198,9.019715,44.81602
498493-20615310-3199,-24.509975,-33.60261
498493-20615311-3200,-7.958386,-15.702874
498493-20615316-3201,11.283537,-12.06009
498505-20615818-2900,5.2997394,-6.0040574
498505-20615819-2901,27.55543,4.1142054
498505-20615820-2902,-6.7136908,-18.540413
498505-20615820-2903,39.237316,-4.6774263
498505-20616394-2908,14.070064,41.787376
498505-20616397-2909,2.2178078,-1.6342785
498584-20618698-2914,5.726416,39.29086
498584-20618709-2915,4.888956,41.639675
499412-20672748-3358,16.577982,-29.03955
499423-20673161-3317,14.765251,-31.767086
499812-20735558-3316,2.1194634,-42.54993
499835-20740673-3329,-9.139435,-14.556142
499864-20745362-3018,5.804886,3.9530458
499864-20745364-3020,14.757788,-13.225514
499864-20745366-3021,-18.959602,-21.224522
499864-20745368-3022,32.533215,20.104929
499878-20746289-3273,-17.17661,21.79305
499883-20747570-3112,7.1251874,-42.57334
499883-20747606-3113,-11.313107,16.85282
500659-20790333-3355,13.556025,-28.516659
500662-20790748-3328,-24.704191,27.279915
500667-20791200-3119,-3.7047906,-19.045622
500667-20791200-3120,-7.079118,-17.899935
504912-20896611-3144,13.473622,-15.740669
505171-20919132-2911,-21.176378,26.221819
505171-20919149-2912,3.624058,49.0906
505171-20919156-2913,22.166798,15.334963
506201-21001818-2551,-42.520084,4.5285907
506201-21001845-2552,21.80385,-27.793743
506201-21001848-2553,3.4826953,-16.575476
506279-21007707-3279,-0.35803372,18.639362
506279-21007709-3280,0.254234,18.232141
506279-21007710-3281,-0.15770271,17.898659
506279-21007712-3282,2.7787797,15.740368
506279-21007714-3283,-11.1586685,-17.753557
506279-21007714-3284,-14.371713,4.363878
506279-21007715-3285,-13.02316,4.048592
506279-21007716-3286,12.193518,23.482525
506279-21007722-3287,-14.447502,-20.459726
506279-21007724-3288,-1.0175797,14.164361
506279-21007725-3289,-1.1945854,13.982924
506279-21007726-3290,2.786404,15.673109
506279-21007728-3291,-12.376107,4.71906
506812-21049120-2948,1.1629542,46.807472
506812-21049229-2950,12.738992,35.784
506911-21059640-3121,40.963028,18.970898
506911-21059645-3122,41.02804,18.926775
506916-21061265-2991,19.652063,22.236874
506916-21061282-2994,-7.3623643,14.581978
506916-21061285-2995,-3.4842467,36.764095
506916-21061288-2996,4.0770946,45.450874
506916-21061310-2997,23.665886,20.329063
506916-21061311-2998,19.263798,29.038998
506916-21061315-2999,26.115719,35.808033
506916-21061340-3001,2.3814616,20.73893
506916-21061344-3002,23.244024,4.5285254
506975-21069564-2410,-22.138277,27.926657
506975-21069916-2411,-30.635963,-37.391323
506975-21070087-2412,15.468885,-59.813583
506975-21070098-2413,-29.911152,-37.336185
506975-21070115-2414,-3.0947397,9.143734
506975-21070125-2415,9.404189,38.980705
506975-21070132-2416,-9.040821,19.384352
506975-21070188-2417,-1.3267956,-22.590511
506975-21070209-2418,-30.300652,-38.203266
506975-21070213-2419,-16.488127,0.09402872
506975-21070213-2420,-16.188494,1.734169
506975-21070213-2421,-16.556383,1.1784381
506975-21070213-2422,-17.22272,-0.053910244
506975-21070228-2423,-1.0214381,9.537942
506975-21070232-2424,18.053513,37.940147
506975-21070258-2425,21.086863,-12.485091
506975-21070298-2426,30.415815,9.522296
506975-21070301-2427,31.219707,10.206725
506975-21070307-2428,-6.304966,6.349148
506975-21070307-2429,20.53917,4.2849536
506975-21070310-2430,-15.287863,4.651825
506975-21070315-2431,25.1135,6.659474
506975-21070315-2432,19.996166,6.458655
506975-21070318-2433,29.891571,-0.18350166
506975-21070321-2434,29.32782,4.542787
506975-21070321-2435,14.898331,13.689592
506975-21070324-2436,24.07046,4.888524
506975-21070324-2437,-4.2941046,-32.637463
506975-21070327-2438,39.144554,9.772392
506975-21070341-2439,17.340052,36.4919
506975-21070367-2440,19.685858,8.067727
506975-21070370-2441,18.686396,22.237862
506975-21070422-2442,8.935933,-7.372045
506975-21070437-2443,-26.109121,-30.82749
506975-21070441-2444,-7.165646,-37.8042
506975-21070441-2445,-10.021756,-23.349428
506975-21070476-2446,28.569017,8.419684
506975-21070476-2447,27.59061,7.4472213
506975-21070480-2448,-5.392331,3.2014453
506975-21070483-2449,8.183858,37.284893
506975-21070489-2450,22.005735,39.947628
506975-21070496-2451,23.02094,40.154385
506975-21070499-2452,22.620255,40.800644
506975-21070499-3346,-8.790144,-13.245231
506975-21070503-2453,20.184391,40.701275
506975-21070507-2454,21.488504,40.979294
506975-21070514-2455,20.47032,40.14453
506975-21070516-2456,22.804161,39.236732
506975-21070539-2457,35.618607,10.339921
506975-21070542-2458,9.435395,48.593773
506975-21070556-2459,13.661634,-34.162563
506975-21070599-2460,-0.27108663,39.561317
506975-21070601-2461,9.4566965,41.30387
506975-21070604-2462,-29.17873,-10.147615
506975-21070604-2463,-29.048817,-11.536305
506975-21070604-2464,-0.8587292,-16.768318
506975-21070604-2465,-27.270788,-7.8540354
506975-21070604-2466,-25.942774,-6.9339757
506975-21070604-2467,-26.013063,-9.013599
506975-21070604-2468,-27.189314,-7.105963
506975-21070604-2469,-0.83419836,54.3096
506975-21070604-2470,-29.184345,-14.433306
506975-21070604-2471,-2.436356,51.647305
506975-21070604-2472,-3.4772997,51.974636
506975-21070604-2473,-1.7498939,53.69827
506975-21070604-2474,-4.544815,53.12789
506975-21070604-2475,-4.7355566,54.00569
506975-21070604-2476,-3.0815792,52.83983
506975-21070609-2477,5.5913267,44.17211
506975-21070639-2478,16.84892,-2.458549
506975-21070647-2479,-26.966835,14.761529
506975-21070650-2480,-20.1164,38.930614
506975-21070653-2481,-23.146715,41.562965
506975-21070659-2482,-10.92518,11.587902
506975-21070661-2483,-13.378924,15.503069
506975-21070664-2484,26.414526,42.424316
506975-21070666-2485,-33.763863,-35.921967
506975-21070669-2486,-3.5660648,-31.802849
506975-21070671-2487,-33.791405,-37.47458
506975-21070674-2488,-5.368042,3.1926126
506975-21070677-2489,-20.144938,39.257206
506975-21070680-2490,-23.162853,41.567837
506975-21070682-2491,-38.271423,-40.54028
506975-21070688-2492,37.536995,17.383795
506975-21070688-2493,-7.602242,7.356371
506975-21070688-2494,-8.05193,6.507207
506975-21070690-2495,18.152084,37.385258
506975-21070693-2496,13.483675,14.882828
506975-21070693-2497,-23.193083,4.1925097
506975-21070693-2498,-16.131975,3.1318514
506975-21070693-2499,-20.055937,4.81846
506975-21070693-2500,-14.483727,3.0540907
506975-21070693-2501,-18.791294,5.1023955
506975-21070695-2502,4.747765,-32.753407
506975-21070695-2503,-33.820286,19.634178
506975-21070698-2504,-37.449154,-15.045977
506975-21070698-2505,-24.164564,-1.1897153
506975-21070698-2506,-26.142155,-15.010556
506975-21070698-2507,-26.632597,-12.887495
506975-21070698-2508,-25.021393,-1.8022995
506975-21070701-2509,-26.054941,-29.305508
506975-21070703-2510,-25.8008,-29.684895
506975-21070712-2511,17.791891,32.9166
506975-21070714-2512,-7.969795,-37.022144
506975-21070714-2513,-10.028653,-22.631939
506975-21070723-2514,15.486511,-59.815224
506975-21070726-2515,-29.626478,-10.72879
506975-21070726-2516,-28.460897,-10.969322
506975-21070726-2517,-0.6949532,-16.992495
506975-21070726-2518,-26.677124,-6.281355
506975-21070726-2519,-25.753298,-6.2410355
506975-21070726-2520,-25.933296,-8.232883
506975-21070726-2521,-27.531649,-8.599344
506975-21070726-2522,-0.31122026,53.434475
506975-21070726-2523,-28.910526,-14.556134
506975-21070726-2524,-1.6292316,51.703453
506975-21070726-2525,-4.24891,51.726097
506975-21070726-2526,-1.8095633,52.94044
506975-21070726-2527,-3.6596136,53.538937
506975-21070726-2528,-3.820448,54.64994
506975-21070726-2529,-2.7199297,54.379673
506975-21070730-2530,0.22576885,36.886383
506975-21070736-2531,-3.7517133,-34.219585
506975-21070736-2532,-4.531488,-34.49604
506975-21070736-2533,-6.14071,-40.696754
506975-21070736-2534,0.98061186,-39.502964
506975-21070744-2535,-23.626799,-17.35732
506975-21070744-2536,-11.218669,-19.897833
506975-21070751-2537,-20.785135,39.074413
506975-21070755-2538,24.622063,35.98046
506975-21070864-2539,2.833101,7.418573
506975-21070872-2540,13.036801,2.5521166
506975-21070883-2541,12.257158,-4.3642907
506975-21070901-2542,-19.040525,40.054707
506975-21070940-2543,-30.073105,-36.598106
506975-21070945-2544,-38.230026,-40.52366
506975-21070948-2545,-3.4664679,9.038856
506975-21070964-2546,30.041817,5.015706
506975-21070993-2547,27.442139,39.039307
506975-21071003-2548,21.962025,22.595213
506975-21071008-2549,-27.969908,-13.585926
506975-21071011-2550,-12.034499,-18.670523
506977-21067868-3129,2.6718774,10.996726
506978-21068088-3086,-10.393921,20.244858
506978-21068118-3087,18.472008,-13.798613
506978-21068192-3088,5.4696507,-7.0813036
506979-21068985-3296,19.37648,6.0624447
506980-21069432-3203,25.24044,5.540051
506981-21068286-2930,-1.2400863,23.107368
506982-21069379-3331,1.1854681,37.668846
506983-21071282-2875,-0.578011,39.989445
506983-21071282-2876,-11.019834,-32.78209
506984-21068608-3028,-16.538128,21.148941
506985-21069557-3259,-4.202851,37.20417
506985-21069568-3260,-5.634824,37.95865
506985-21069574-3261,-17.757753,18.342798
506985-21069579-3262,-17.101305,17.802921
506985-21069602-3263,15.15269,28.803097
506985-21069606-3264,26.558498,-24.014397
506985-21069618-3265,0.29905054,36.226955
506985-21069634-3266,18.458368,10.130595
506985-21069872-3267,-3.0433674,40.59484
506985-21069877-3268,-2.051722,36.320683
506985-21069891-3269,20.321918,2.7620208
506985-21069902-3270,-3.6399422,40.990074
507616-21121885-3109,-30.16877,-1.7337408
507616-21121930-3110,38.612396,-4.2531705
507616-21121930-3111,-2.2449257,-39.61946
507617-21125458-3315,15.997885,-29.736134
507618-21122504-2951,21.85716,23.175404
507618-21122510-2952,23.736977,38.32192
507621-21122201-3070,9.229109,50.410194
507818-21132399-3130,10.729631,42.227734
507818-21132401-3131,27.733795,44.08937
507818-21132409-3132,7.291744,-7.462828
508525-21206733-2988,16.805178,1.0337558
508525-21206739-2989,6.9248643,50.982033
508525-21206752-2990,6.6782327,49.571934
508538-21207641-3123,7.0597878,52.165802
508538-21207645-3124,-35.23714,4.095271
508538-21207654-3125,-40.882595,-0.25327435
508538-21207659-3126,9.080133,5.9084277
508538-21207680-3127,34.39301,28.252419
508538-21207683-3128,-9.41478,-28.472694
508544-21210762-3116,-8.834506,25.52669
508554-21210932-3323,28.239664,27.329153
508597-21217994-3023,-39.713825,7.0162706
508597-21217994-3024,-39.1185,7.5747585
508597-21217994-3025,-38.174576,9.222068
508597-21217994-3026,-38.74079,8.632832
508597-21218113-3027,-36.64234,-40.070286
508656-21226554-3216,-30.520002,20.029697
508689-21229170-3330,8.16785,-27.728985
508689-21230558-2942,-27.592672,11.045105
508707-21235204-3294,-33.803944,8.6221075
508707-21235222-3295,5.253022,-16.557417
508755-21238401-3242,16.34101,25.44638
508755-21238407-3243,17.70373,-13.020144
508755-21238410-3244,6.561035,2.3161244
508755-21238414-3245,26.363556,9.533025
508755-21238422-3246,37.719402,23.61219
508755-21238489-3249,20.051653,12.79672
508757-21239327-3253,-24.78646,19.60183
508757-21239362-3254,-25.705055,18.267262
508757-21239398-3255,-16.032997,12.154785
511216-21469100-2732,9.518233,32.349228
511216-21469225-2733,27.337572,32.036495
511234-21468902-3003,-26.08133,30.453814
511332-21485860-3271,-28.396433,23.510641
511334-21487263-3068,-21.674417,19.544233
511348-21488571-3108,-36.471855,4.5272727
511354-21488728-3135,-20.43285,24.08734
511354-21488762-3136,-9.985004,14.695552
511354-21488787-3137,27.919704,17.067451
511354-21488795-3138,28.68991,16.124939
511354-21488810-3139,20.959194,12.192803
511354-21488812-3140,0.028721,-19.457682
511354-21488831-3141,26.046068,12.425558
511354-21488850-3142,22.389217,11.941393
511354-21488877-3143,26.725203,45.755157
512980-21611484-3313,-33.504295,-6.894671
512990-21616662-3050,5.4469614,-20.57284
512990-21616666-3051,5.4343486,-20.53556
513043-21680622-3314,-43.789135,4.364191
513170-21644908-3079,4.3375516,-13.94514
513170-21644908-3080,4.706334,-13.771425
513170-21644908-3081,3.4606595,-13.127844
513179-21646155-3009,-36.971207,5.8886147
513179-21646170-3010,-41.22273,3.9519453
513179-21646178-3011,-40.551228,3.3265588
513179-21646185-3012,-35.151592,6.4684443
513179-21646203-3013,-37.950657,5.5637956
513179-21646234-3014,-39.445286,2.9262648
513179-21646242-3015,-39.132927,2.4076705
513262-21661392-3100,13.7353,-27.298746
513262-21661403-3101,-25.362053,29.781034
514776-21825412-3202,-42.678696,2.437957
514967-21828276-3321,28.257442,42.25712
514967-21828278-3322,5.685218,49.17963
516375-21904749-2746,15.0210085,4.5035377
516693-21924156-3204,4.535827,50.549118
516693-21924174-3205,13.518507,34.91044
516693-21924178-3206,22.389309,41.892605
516931-21942241-3325,7.019441,47.37645
516931-21942251-3326,23.382717,11.464412
516931-21942258-3327,7.4122643,-9.041468
519242-22116166-3210,16.747313,39.164352
519242-22116168-3211,-40.081776,9.147488
519242-22116173-3212,-35.63763,4.9325104
520031-22139965-2554,13.557747,-24.721777
520031-22139968-2555,-7.3193955,21.39472
520031-22139970-2556,-22.717709,12.541166
520031-22139971-2557,-22.218721,12.422438
520031-22139971-2558,-6.2079496,9.73061
520031-22139973-2560,-6.806488,-11.735821
520031-22139975-2561,18.712463,7.6133375
520031-22139985-2563,3.697746,-5.048729
520087-22148432-3256,-22.342407,-27.737041
520087-22148434-3257,15.908444,-27.756132
520488-22176305-2735,-2.4874518,23.401947
520488-22176316-2736,-36.722473,6.407899
520488-22176329-2737,2.5937443,-17.134619
520610-22191979-3069,-19.497885,-14.070319
522751-22256671-3117,-40.224064,5.6745634
522751-22256671-3118,-42.773464,1.9735172
527434-22390575-3306,36.456844,-27.952805
527434-22390579-3307,8.186111,48.86113
527434-22390705-3308,-21.681505,20.744669
527434-22390714-3309,8.132679,49.288067
527434-22390727-3310,23.785082,3.2710207
527434-22390758-3311,5.7398276,-25.143465
527463-22391622-3115,21.480257,0.7205428
527487-22394242-3066,-24.386742,30.955118
534946-22589330-3357,-11.721677,7.7204676
534946-22589335-3356,-41.364563,2.1834478
546646-22856383-2916,-28.540745,21.106047
546646-22856383-2917,21.837994,7.5801225
546646-22856383-2918,20.75823,-2.2311788
546646-22856385-2919,19.69225,-1.8551639
546646-22856391-2920,-7.6431766,-0.33502832
546646-22856391-2921,19.849073,-1.2683455
546646-22856393-2922,-7.3224807,-0.15249269
546646-22856397-2923,-28.170988,20.661621
546646-22856399-2924,21.303593,-1.6865591
546646-22856399-2925,-29.725403,-4.710015
546646-22856401-2926,20.10693,-2.5376806
546646-22856401-2927,-30.17248,-3.5794778
546646-22856405-2928,20.602865,-0.9864455
546646-22856407-2929,-29.769024,-4.2701573
546648-22866237-2740,-9.368076,9.887991
546648-22866243-2741,8.764834,-12.906271
546648-22866251-2742,33.99117,34.18178
546648-22866637-2743,20.87335,-30.105867
546648-22866711-2744,5.2468867,-17.356945
546648-22866719-2745,-34.710506,7.307436
557655-23011448-3342,10.266793,-42.605022
557655-23011476-3318,15.137775,-0.77910256
557655-23011486-3319,7.621829,45.375946
557655-23011492-3320,-33.920975,-37.86974
557656-23012421-3102,20.723705,35.903076
557656-23012421-3103,-4.792,-29.78579
557656-23012421-3104,-4.721243,-27.593609
557656-23012718-3105,17.415318,22.131672
557656-23012726-3106,-35.313477,-5.52783
557656-23012729-3107,14.158791,10.636224
558361-23024939-3353,-39.464104,5.934751
823966-30699047-1160,-20.777563,31.130045
987208-38201621-3354,-26.474874,31.60129
987264-38205192-2881,13.588515,-24.260069
987264-38205193-2882,-0.689198,49.556683
987264-38205207-2883,-12.11158,2.126163
987264-38205208-2884,-23.827795,-5.9939127
987264-38205211-2885,25.436365,18.419344
987264-38205217-2886,24.814894,18.849527
987264-38205222-2887,10.906769,-6.0669527
987264-38205223-2888,-4.357383,-22.427212
987264-38205225-2889,-4.455577,-22.705633
987264-38205229-2890,-0.25982305,49.336533
987264-38205232-2891,-7.563958,38.72981
987264-38205239-2892,3.0698853,-1.5316635
987264-38205241-2893,-1.6635832,49.76911
987264-38205243-2894,-3.2601247,50.20069
