Id,polarity,mineralogy,specimen,natural history,medicine,doxography,causal explanation,magnetic force,sphere of activity,attraction/repulsion,theoretical,compass,instrument,direction,practice,declination,navigation,inclination,astronomy/astrology/cosmology,Copernicanism
1013,0.1,0.06666666666666667,0.06666666666666667,0.06666666666666667,0.06666666666666667,0.06666666666666667,0.1,0.03333333333333333,0.03333333333333333,0.03333333333333333,0.03333333333333333,0.06666666666666667,0.06666666666666667,0.0,0.06666666666666667,0.06666666666666667,0.06666666666666667,0.0,0.0,0.0
1020,0.15173674588665442,0.1389396709323583,0.1389396709323583,0.1389396709323583,0.1389396709323583,0.1389396709323583,0.029250457038391235,0.029250457038391235,0.012797074954296167,0.012797074954296167,0.029250457038391235,0.0018281535648994524,0.0018281535648994524,0.0,0.0018281535648994524,0.0,0.0,0.0018281535648994524,0.016453382084095074,0.016453382084095074
1021,0.16666666666666666,0.16666666666666666,0.16666666666666666,0.16666666666666666,0.16666666666666666,0.16666666666666666,0.0,0.0,0.0,0.0,0.0,0.0,0.0,0.0,0.0,0.0,0.0,0.0,0.0,0.0
1024,0.0909090909090909,0.0,0.0,0.0,0.0,0.0,0.0909090909090909,0.0,0.0,0.0,0.0,0.18181818181818177,0.18181818181818177,0.0909090909090909,0.18181818181818177,0.0909090909090909,0.0909090909090909,0.0,0.0,0.0
1026,0.12024048096192363,0.07314629258517037,0.07314629258517037,0.07314629258517037,0.07314629258517037,0.07314629258517037,0.08717434869739481,0.07715430861723448,0.043086172344689366,0.043086172344689366,0.07715430861723448,0.027054108216432844,0.027054108216432844,0.004008016032064124,0.027054108216432844,0.010020040080160308,0.010020040080160308,0.0130260521042084,0.034068136272545076,0.034068136272545076
1027,0.16666666666666666,0.16666666666666666,0.16666666666666666,0.16666666666666666,0.16666666666666666,0.16666666666666666,0.0,0.0,0.0,0.0,0.0,0.0,0.0,0.0,0.0,0.0,0.0,0.0,0.0,0.0
1050,0.13496932515337418,0.06441717791411043,0.06441717791411043,0.06441717791411043,0.06441717791411043,0.06441717791411043,0.09509202453987728,0.06441717791411043,0.061349693251533756,0.061349693251533756,0.06441717791411043,0.03987730061349695,0.03987730061349695,0.009202453987730065,0.03987730061349695,0.03067484662576689,0.03067484662576689,0.0,0.0030674846625766885,0.0030674846625766885
1051,0.0,0.0,0.0,0.0,0.0,0.0,0.0,0.0,0.0,0.0,0.0,0.25,0.25,0.0,0.25,0.0,0.0,0.25,0.0,0.0
1054,0.0,0.0,0.0,0.0,0.0,0.0,0.13414634146341461,0.048780487804878064,0.0,0.0,0.048780487804878064,0.14634146341463414,0.14634146341463414,0.0,0.14634146341463414,0.0853658536585366,0.0853658536585366,0.06097560975609759,0.048780487804878064,0.048780487804878064
1055,0.16666666666666669,0.16666666666666669,0.16666666666666669,0.16666666666666669,0.16666666666666669,0.16666666666666669,0.0,0.0,0.0,0.0,0.0,0.0,0.0,0.0,0.0,0.0,0.0,0.0,0.0,0.0
1059,0.15721231766612667,0.04700162074554291,0.04700162074554291,0.04700162074554291,0.04700162074554291,0.04700162074554291,0.10048622366288497,0.09238249594813615,0.08589951377633709,0.08589951377633709,0.09238249594813615,0.032414910858995116,0.032414910858995116,0.02431118314424634,0.032414910858995116,0.008103727714748783,0.008103727714748783,0.0,0.0064829821717990255,0.0064829821717990255
1065,0.16666666666666666,0.0,0.0,0.0,0.0,0.0,0.16666666666666666,0.16666666666666666,0.16666666666666666,0.16666666666666666,0.16666666666666666,0.0,0.0,0.0,0.0,0.0,0.0,0.0,0.0,0.0
1069,0.05263157894736842,0.0,0.0,0.0,0.0,0.0,0.18421052631578944,0.15789473684210525,0.05263157894736842,0.05263157894736842,0.15789473684210525,0.02631578947368421,0.02631578947368421,0.0,0.02631578947368421,0.02631578947368421,0.02631578947368421,0.0,0.10526315789473684,0.10526315789473684
1075,0.125,0.0,0.0,0.0,0.0,0.0,0.0625,0.0,0.0,0.0,0.0,0.1875,0.1875,0.125,0.1875,0.0625,0.0625,0.0,0.0,0.0
1086,0.048723897911832896,0.0,0.0,0.0,0.0,0.0,0.13457076566125292,0.0324825986078886,0.0324825986078886,0.0324825986078886,0.0324825986078886,0.14617169373549888,0.14617169373549888,0.016241299303944304,0.14617169373549888,0.10208816705336426,0.10208816705336426,0.02784222737819023,0.0,0.0
1087,0.0,0.0,0.0,0.0,0.0,0.0,0.16666666666666669,0.0,0.0,0.0,0.0,0.16666666666666669,0.16666666666666669,0.0,0.16666666666666669,0.16666666666666669,0.16666666666666669,0.0,0.0,0.0
1089,0.16666666666666666,0.16666666666666666,0.16666666666666666,0.16666666666666666,0.16666666666666666,0.16666666666666666,0.0,0.0,0.0,0.0,0.0,0.0,0.0,0.0,0.0,0.0,0.0,0.0,0.0,0.0
1090,0.125,0.125,0.125,0.125,0.125,0.125,0.0,0.0,0.0,0.0,0.0,0.0625,0.0625,0.0,0.0625,0.0,0.0,0.0625,0.0,0.0
1092,0.0,0.0,0.0,0.0,0.0,0.0,0.2,0.2,0.0,0.0,0.2,0.0,0.0,0.0,0.0,0.0,0.0,0.0,0.2,0.2
1093,0.16666666666666666,0.0,0.0,0.0,0.0,0.0,0.16666666666666666,0.16666666666666666,0.16666666666666666,0.16666666666666666,0.16666666666666666,0.0,0.0,0.0,0.0,0.0,0.0,0.0,0.0,0.0
1098,0.16666666666666669,0.16666666666666669,0.16666666666666669,0.16666666666666669,0.16666666666666669,0.16666666666666669,0.0,0.0,0.0,0.0,0.0,0.0,0.0,0.0,0.0,0.0,0.0,0.0,0.0,0.0
1100,0.0,0.0,0.0,0.0,0.0,0.0,0.0,0.0,0.0,0.0,0.0,0.25,0.25,0.0,0.25,0.0,0.0,0.25,0.0,0.0
1105,0.0,0.0,0.0,0.0,0.0,0.0,0.2,0.2,0.0,0.0,0.2,0.0,0.0,0.0,0.0,0.0,0.0,0.0,0.2,0.2
1106,0.1714285714285714,0.14285714285714285,0.14285714285714285,0.14285714285714285,0.14285714285714285,0.14285714285714285,0.0,0.0,0.0,0.0,0.0,0.028571428571428567,0.028571428571428567,0.028571428571428567,0.028571428571428567,0.0,0.0,0.0,0.0,0.0
1123,0.16666666666666669,0.16666666666666669,0.16666666666666669,0.16666666666666669,0.16666666666666669,0.16666666666666669,0.0,0.0,0.0,0.0,0.0,0.0,0.0,0.0,0.0,0.0,0.0,0.0,0.0,0.0
1131,0.1645569620253163,0.08101265822784813,0.08101265822784813,0.08101265822784813,0.08101265822784813,0.08101265822784813,0.08607594936708862,0.08607594936708862,0.08354430379746838,0.08354430379746838,0.08607594936708862,0.0,0.0,0.0,0.0,0.0,0.0,0.0,0.002531645569620254,0.002531645569620254
1140,0.0,0.0,0.0,0.0,0.0,0.0,0.2,0.2,0.0,0.0,0.2,0.0,0.0,0.0,0.0,0.0,0.0,0.0,0.2,0.2
1148,0.11025641025641025,0.01282051282051282,0.01282051282051282,0.01282051282051282,0.01282051282051282,0.01282051282051282,0.14358974358974358,0.1282051282051282,0.08205128205128205,0.08205128205128205,0.1282051282051282,0.038461538461538464,0.038461538461538464,0.015384615384615385,0.038461538461538464,0.015384615384615385,0.015384615384615385,0.007692307692307693,0.046153846153846156,0.046153846153846156
1149,0.0,0.0,0.0,0.0,0.0,0.0,0.2,0.2,0.0,0.0,0.2,0.0,0.0,0.0,0.0,0.0,0.0,0.0,0.2,0.2
1186,0.16666666666666669,0.16666666666666669,0.16666666666666669,0.16666666666666669,0.16666666666666669,0.16666666666666669,0.0,0.0,0.0,0.0,0.0,0.0,0.0,0.0,0.0,0.0,0.0,0.0,0.0,0.0
1189,0.16666666666666669,0.16666666666666669,0.16666666666666669,0.16666666666666669,0.16666666666666669,0.16666666666666669,0.0,0.0,0.0,0.0,0.0,0.0,0.0,0.0,0.0,0.0,0.0,0.0,0.0,0.0
1194,0.16666666666666666,0.16666666666666666,0.16666666666666666,0.16666666666666666,0.16666666666666666,0.16666666666666666,0.0,0.0,0.0,0.0,0.0,0.0,0.0,0.0,0.0,0.0,0.0,0.0,0.0,0.0
1315,0.06692406692406688,0.005148005148005145,0.005148005148005145,0.005148005148005145,0.005148005148005145,0.005148005148005145,0.1595881595881598,0.12226512226512223,0.05062205062205061,0.05062205062205061,0.12226512226512223,0.05534105534105532,0.05534105534105532,0.011154011154011148,0.05534105534105532,0.03732303732303734,0.03732303732303734,0.0068640068640068615,0.07164307164307168,0.07164307164307168
1316,0.16666666666666666,0.16666666666666666,0.16666666666666666,0.16666666666666666,0.16666666666666666,0.16666666666666666,0.0,0.0,0.0,0.0,0.0,0.0,0.0,0.0,0.0,0.0,0.0,0.0,0.0,0.0
1327,0.1666666666666667,0.05555555555555556,0.05555555555555556,0.05555555555555556,0.05555555555555556,0.05555555555555556,0.11111111111111112,0.11111111111111112,0.11111111111111112,0.11111111111111112,0.11111111111111112,0.0,0.0,0.0,0.0,0.0,0.0,0.0,0.0,0.0
1328,0.16666666666666666,0.16666666666666666,0.16666666666666666,0.16666666666666666,0.16666666666666666,0.16666666666666666,0.0,0.0,0.0,0.0,0.0,0.0,0.0,0.0,0.0,0.0,0.0,0.0,0.0,0.0
1332,0.1132776230269268,0.04363974001857011,0.04363974001857011,0.04363974001857011,0.04363974001857011,0.04363974001857011,0.0993500464252554,0.0687093779015784,0.04178272980501394,0.04178272980501394,0.0687093779015784,0.06592386258124415,0.06592386258124415,0.027855153203342625,0.06592386258124415,0.030640668523676893,0.030640668523676893,0.007428040854224696,0.026926648096564535,0.026926648096564535
1334,0.16666666666666666,0.0,0.0,0.0,0.0,0.0,0.16666666666666666,0.16666666666666666,0.16666666666666666,0.16666666666666666,0.16666666666666666,0.0,0.0,0.0,0.0,0.0,0.0,0.0,0.0,0.0
1341,0.0,0.0,0.0,0.0,0.0,0.0,0.19597989949748743,0.1758793969849246,0.0,0.0,0.1758793969849246,0.02010050251256282,0.02010050251256282,0.0,0.02010050251256282,0.02010050251256282,0.02010050251256282,0.0,0.1758793969849246,0.1758793969849246
1346,0.05555555555555555,0.05555555555555555,0.05555555555555555,0.05555555555555555,0.05555555555555555,0.05555555555555555,0.1111111111111111,0.0,0.0,0.0,0.0,0.1111111111111111,0.1111111111111111,0.0,0.1111111111111111,0.1111111111111111,0.1111111111111111,0.0,0.0,0.0
1348,0.16666666666666666,0.16666666666666666,0.16666666666666666,0.16666666666666666,0.16666666666666666,0.16666666666666666,0.0,0.0,0.0,0.0,0.0,0.0,0.0,0.0,0.0,0.0,0.0,0.0,0.0,0.0
1351,0.11971830985915488,0.09154929577464793,0.09154929577464793,0.09154929577464793,0.09154929577464793,0.09154929577464793,0.08450704225352117,0.08450704225352117,0.028169014084507032,0.028169014084507032,0.08450704225352117,0.0,0.0,0.0,0.0,0.0,0.0,0.0,0.0563380281690141,0.0563380281690141
1352,0.16666666666666666,0.14285714285714285,0.14285714285714285,0.14285714285714285,0.14285714285714285,0.14285714285714285,0.02380952380952381,0.02380952380952381,0.02380952380952381,0.02380952380952381,0.02380952380952381,0.0,0.0,0.0,0.0,0.0,0.0,0.0,0.0,0.0
1355,0.13802509547190367,0.03927986906710311,0.03927986906710311,0.03927986906710311,0.03927986906710311,0.03927986906710311,0.09901800327332218,0.08346972176759408,0.06737588652482286,0.06737588652482286,0.08346972176759408,0.05428259683578842,0.05428259683578842,0.03136933987997816,0.05428259683578842,0.015548281505728295,0.015548281505728295,0.0073649754500818235,0.016093835242771394,0.016093835242771394
1356,0.041666666666666664,0.0,0.0,0.0,0.0,0.0,0.16666666666666669,0.041666666666666664,0.041666666666666664,0.041666666666666664,0.041666666666666664,0.125,0.125,0.0,0.125,0.125,0.125,0.0,0.0,0.0
1357,0.09897476340694016,0.028982649842271266,0.028982649842271266,0.028982649842271266,0.028982649842271266,0.028982649842271266,0.10153785488959,0.06289432176656154,0.04061514195583595,0.04061514195583595,0.06289432176656154,0.09108832807570985,0.09108832807570985,0.02937697160883278,0.09108832807570985,0.03864353312302833,0.03864353312302833,0.023067823343848545,0.022279179810725518,0.022279179810725518
1362,0.12670157068062826,0.033507853403141365,0.033507853403141365,0.033507853403141365,0.033507853403141365,0.033507853403141365,0.10785340314136126,0.07958115183246073,0.07329842931937172,0.07329842931937172,0.07958115183246073,0.06282722513089005,0.06282722513089005,0.019895287958115182,0.06282722513089005,0.028272251308900525,0.028272251308900525,0.014659685863874346,0.0062827225130890054,0.0062827225130890054
1363,0.15360501567398122,0.012539184952978044,0.012539184952978044,0.012539184952978044,0.012539184952978044,0.012539184952978044,0.14733542319749218,0.14420062695924765,0.13322884012539188,0.13322884012539188,0.14420062695924765,0.014106583072100297,0.014106583072100297,0.007836990595611278,0.014106583072100297,0.003134796238244511,0.003134796238244511,0.003134796238244511,0.010971786833855789,0.010971786833855789
1364,0.16475972540045772,0.05491990846681921,0.05491990846681921,0.05491990846681921,0.05491990846681921,0.05491990846681921,0.07093821510297484,0.07093821510297484,0.05835240274599542,0.05835240274599542,0.07093821510297484,0.05148741418764302,0.05148741418764302,0.05148741418764302,0.05148741418764302,0.0,0.0,0.0,0.01258581235697939,0.01258581235697939
1365,0.16666666666666669,0.0,0.0,0.0,0.0,0.0,0.16666666666666669,0.16666666666666669,0.16666666666666669,0.16666666666666669,0.16666666666666669,0.0,0.0,0.0,0.0,0.0,0.0,0.0,0.0,0.0
1366,0.031358885017421616,0.031358885017421616,0.031358885017421616,0.031358885017421616,0.031358885017421616,0.031358885017421616,0.14634146341463408,0.13588850174216024,0.0,0.0,0.13588850174216024,0.027874564459930324,0.027874564459930324,0.0,0.027874564459930324,0.010452961672473872,0.010452961672473872,0.017421602787456452,0.13588850174216024,0.13588850174216024
1368,0.2,0.0,0.0,0.0,0.0,0.0,0.0,0.0,0.0,0.0,0.0,0.2,0.2,0.2,0.2,0.0,0.0,0.0,0.0,0.0
1369,0.13155555555555556,0.028444444444444442,0.028444444444444442,0.028444444444444442,0.028444444444444442,0.028444444444444442,0.09866666666666665,0.07377777777777778,0.06044444444444444,0.06044444444444444,0.07377777777777778,0.07688888888888888,0.07688888888888888,0.042666666666666665,0.07688888888888888,0.024888888888888887,0.024888888888888887,0.009333333333333332,0.013333333333333332,0.013333333333333332
1370,0.1818181818181818,0.0909090909090909,0.0909090909090909,0.0909090909090909,0.0909090909090909,0.0909090909090909,0.0,0.0,0.0,0.0,0.0,0.0909090909090909,0.0909090909090909,0.0909090909090909,0.0909090909090909,0.0,0.0,0.0,0.0,0.0
1372,0.08536585365853659,0.07317073170731708,0.07317073170731708,0.07317073170731708,0.07317073170731708,0.07317073170731708,0.10975609756097562,0.10975609756097562,0.012195121951219513,0.012195121951219513,0.10975609756097562,0.0,0.0,0.0,0.0,0.0,0.0,0.0,0.0975609756097561,0.0975609756097561
1373,0.08029197080291971,0.06569343065693431,0.06569343065693431,0.06569343065693431,0.06569343065693431,0.06569343065693431,0.11313868613138689,0.10218978102189781,0.010948905109489052,0.010948905109489052,0.10218978102189781,0.014598540145985401,0.014598540145985401,0.0036496350364963502,0.014598540145985401,0.010948905109489052,0.010948905109489052,0.0,0.09124087591240876,0.09124087591240876
1374,0.0625,0.0625,0.0625,0.0625,0.0625,0.0625,0.125,0.125,0.0,0.0,0.125,0.0,0.0,0.0,0.0,0.0,0.0,0.0,0.125,0.125
1376,0.16666666666666666,0.0,0.0,0.0,0.0,0.0,0.16666666666666666,0.16666666666666666,0.16666666666666666,0.16666666666666666,0.16666666666666666,0.0,0.0,0.0,0.0,0.0,0.0,0.0,0.0,0.0
1377,0.16666666666666666,0.16666666666666666,0.16666666666666666,0.16666666666666666,0.16666666666666666,0.16666666666666666,0.0,0.0,0.0,0.0,0.0,0.0,0.0,0.0,0.0,0.0,0.0,0.0,0.0,0.0
1378,0.16666666666666666,0.0,0.0,0.0,0.0,0.0,0.16666666666666666,0.16666666666666666,0.16666666666666666,0.16666666666666666,0.16666666666666666,0.0,0.0,0.0,0.0,0.0,0.0,0.0,0.0,0.0
1380,0.16666666666666666,0.16666666666666666,0.16666666666666666,0.16666666666666666,0.16666666666666666,0.16666666666666666,0.0,0.0,0.0,0.0,0.0,0.0,0.0,0.0,0.0,0.0,0.0,0.0,0.0,0.0
1381,0.1658986175115207,0.07373271889400922,0.07373271889400922,0.07373271889400922,0.07373271889400922,0.07373271889400922,0.08755760368663594,0.08755760368663594,0.08755760368663594,0.08755760368663594,0.08755760368663594,0.00691244239631337,0.00691244239631337,0.0046082949308755795,0.00691244239631337,0.0,0.0,0.0023041474654377898,0.0,0.0
1391,0.16666666666666666,0.08333333333333333,0.08333333333333333,0.08333333333333333,0.08333333333333333,0.08333333333333333,0.08333333333333333,0.08333333333333333,0.08333333333333333,0.08333333333333333,0.08333333333333333,0.0,0.0,0.0,0.0,0.0,0.0,0.0,0.0,0.0
1392,0.16666666666666666,0.08333333333333333,0.08333333333333333,0.08333333333333333,0.08333333333333333,0.08333333333333333,0.08333333333333333,0.08333333333333333,0.08333333333333333,0.08333333333333333,0.08333333333333333,0.0,0.0,0.0,0.0,0.0,0.0,0.0,0.0,0.0
1393,0.16184971098265896,0.05780346820809248,0.05780346820809248,0.05780346820809248,0.05780346820809248,0.05780346820809248,0.10404624277456646,0.09826589595375722,0.09826589595375722,0.09826589595375722,0.09826589595375722,0.011560693641618495,0.011560693641618495,0.005780346820809247,0.011560693641618495,0.005780346820809247,0.005780346820809247,0.0,0.0,0.0
1395,0.16666666666666666,0.16666666666666666,0.16666666666666666,0.16666666666666666,0.16666666666666666,0.16666666666666666,0.0,0.0,0.0,0.0,0.0,0.0,0.0,0.0,0.0,0.0,0.0,0.0,0.0,0.0
1396,0.0,0.0,0.0,0.0,0.0,0.0,0.2,0.2,0.0,0.0,0.2,0.0,0.0,0.0,0.0,0.0,0.0,0.0,0.2,0.2
1423,0.16666666666666666,0.16666666666666666,0.16666666666666666,0.16666666666666666,0.16666666666666666,0.16666666666666666,0.0,0.0,0.0,0.0,0.0,0.0,0.0,0.0,0.0,0.0,0.0,0.0,0.0,0.0
1425,0.0,0.0,0.0,0.0,0.0,0.0,0.19999999999999998,0.19999999999999998,0.0,0.0,0.19999999999999998,0.0,0.0,0.0,0.0,0.0,0.0,0.0,0.19999999999999998,0.19999999999999998
1426,0.0,0.0,0.0,0.0,0.0,0.0,0.0,0.0,0.0,0.0,0.0,0.25,0.25,0.0,0.25,0.0,0.0,0.25,0.0,0.0
1431,0.16666666666666666,0.16666666666666666,0.16666666666666666,0.16666666666666666,0.16666666666666666,0.16666666666666666,0.0,0.0,0.0,0.0,0.0,0.0,0.0,0.0,0.0,0.0,0.0,0.0,0.0,0.0
1432,0.16666666666666666,0.1111111111111111,0.1111111111111111,0.1111111111111111,0.1111111111111111,0.1111111111111111,0.05555555555555555,0.05555555555555555,0.05555555555555555,0.05555555555555555,0.05555555555555555,0.0,0.0,0.0,0.0,0.0,0.0,0.0,0.0,0.0
1435,0.16666666666666666,0.13888888888888887,0.13888888888888887,0.13888888888888887,0.13888888888888887,0.13888888888888887,0.027777777777777773,0.027777777777777773,0.027777777777777773,0.027777777777777773,0.027777777777777773,0.0,0.0,0.0,0.0,0.0,0.0,0.0,0.0,0.0
1438,0.14545454545454545,0.1,0.1,0.1,0.1,0.1,0.06363636363636363,0.06363636363636363,0.03636363636363636,0.03636363636363636,0.06363636363636363,0.00909090909090909,0.00909090909090909,0.00909090909090909,0.00909090909090909,0.0,0.0,0.0,0.02727272727272727,0.02727272727272727
1443,0.1319332256327409,0.06192784060312334,0.06192784060312334,0.06192784060312334,0.06192784060312334,0.06192784060312334,0.10823909531502417,0.10823909531502417,0.06569736133548734,0.06569736133548734,0.10823909531502417,0.0043080236941303255,0.0043080236941303255,0.0043080236941303255,0.0043080236941303255,0.0,0.0,0.0,0.04254173397953693,0.04254173397953693
1454,0.16666666666666666,0.16666666666666666,0.16666666666666666,0.16666666666666666,0.16666666666666666,0.16666666666666666,0.0,0.0,0.0,0.0,0.0,0.0,0.0,0.0,0.0,0.0,0.0,0.0,0.0,0.0
1457,0.011494252873563218,0.011494252873563218,0.011494252873563218,0.011494252873563218,0.011494252873563218,0.011494252873563218,0.1724137931034483,0.10344827586206896,0.0,0.0,0.10344827586206896,0.06896551724137931,0.06896551724137931,0.0,0.06896551724137931,0.06896551724137931,0.06896551724137931,0.0,0.10344827586206896,0.10344827586206896
1458,0.14322747893713522,0.04860661049902791,0.04860661049902791,0.04860661049902791,0.04860661049902791,0.04860661049902791,0.09073233959818527,0.07582631237848345,0.06545690213869085,0.06545690213869085,0.07582631237848345,0.05119896305897605,0.05119896305897605,0.029163966299416772,0.05119896305897605,0.014906027219701896,0.014906027219701896,0.007128969539857432,0.010369410239792628,0.010369410239792628
1464,0.1382978723404255,0.03191489361702128,0.03191489361702128,0.03191489361702128,0.03191489361702128,0.03191489361702128,0.10638297872340426,0.10638297872340426,0.06382978723404255,0.06382978723404255,0.10638297872340426,0.0425531914893617,0.0425531914893617,0.0425531914893617,0.0425531914893617,0.0,0.0,0.0,0.0425531914893617,0.0425531914893617
1471,0.1259842519685039,0.02952755905511813,0.02952755905511813,0.02952755905511813,0.02952755905511813,0.02952755905511813,0.13582677165354323,0.13582677165354323,0.08464566929133867,0.08464566929133867,0.13582677165354323,0.01181102362204725,0.01181102362204725,0.01181102362204725,0.01181102362204725,0.0,0.0,0.0,0.05118110236220478,0.05118110236220478
1473,0.13061224489795925,0.02448979591836733,0.02448979591836733,0.02448979591836733,0.02448979591836733,0.02448979591836733,0.10612244897959187,0.09387755102040818,0.09387755102040818,0.09387755102040818,0.09387755102040818,0.06326530612244896,0.06326530612244896,0.012244897959183668,0.06326530612244896,0.012244897959183668,0.012244897959183668,0.0387755102040816,0.0,0.0
1474,0.13157894736842105,0.026315789473684213,0.026315789473684213,0.026315789473684213,0.026315789473684213,0.026315789473684213,0.10526315789473685,0.10526315789473685,0.052631578947368425,0.052631578947368425,0.10526315789473685,0.052631578947368425,0.052631578947368425,0.052631578947368425,0.052631578947368425,0.0,0.0,0.0,0.052631578947368425,0.052631578947368425
1476,0.10869565217391307,0.003105590062111801,0.003105590062111801,0.003105590062111801,0.003105590062111801,0.003105590062111801,0.11801242236024846,0.0807453416149068,0.0590062111801242,0.0590062111801242,0.0807453416149068,0.09937888198757763,0.09937888198757763,0.04658385093167701,0.09937888198757763,0.037267080745341616,0.037267080745341616,0.015527950310559006,0.021739130434782608,0.021739130434782608
1477,0.14285714285714285,0.11428571428571428,0.11428571428571428,0.11428571428571428,0.11428571428571428,0.11428571428571428,0.05714285714285714,0.05714285714285714,0.02857142857142857,0.02857142857142857,0.05714285714285714,0.0,0.0,0.0,0.0,0.0,0.0,0.0,0.02857142857142857,0.02857142857142857
1478,0.15960912052117276,0.10423452768729641,0.10423452768729641,0.10423452768729641,0.10423452768729641,0.10423452768729641,0.05863192182410421,0.05863192182410421,0.04885993485342018,0.04885993485342018,0.05863192182410421,0.0065146579804560255,0.0065146579804560255,0.0065146579804560255,0.0065146579804560255,0.0,0.0,0.0,0.009771986970684038,0.009771986970684038
1482,0.1608695652173913,0.05217391304347827,0.05217391304347827,0.05217391304347827,0.05217391304347827,0.05217391304347827,0.10000000000000002,0.09130434782608697,0.09130434782608697,0.09130434782608697,0.09130434782608697,0.026086956521739136,0.026086956521739136,0.01739130434782609,0.026086956521739136,0.008695652173913045,0.008695652173913045,0.0,0.0,0.0
1483,0.11522633744855966,0.02972107910379515,0.02972107910379515,0.02972107910379515,0.02972107910379515,0.02972107910379515,0.1083676268861454,0.07864654778235025,0.06127114769090077,0.06127114769090077,0.07864654778235025,0.07087334247828074,0.07087334247828074,0.02423411065386374,0.07087334247828074,0.02972107910379515,0.02972107910379515,0.016918152720621856,0.017375400091449472,0.017375400091449472
1484,0.16666666666666666,0.16666666666666666,0.16666666666666666,0.16666666666666666,0.16666666666666666,0.16666666666666666,0.0,0.0,0.0,0.0,0.0,0.0,0.0,0.0,0.0,0.0,0.0,0.0,0.0,0.0
1486,0.07407407407407407,0.037037037037037035,0.037037037037037035,0.037037037037037035,0.037037037037037035,0.037037037037037035,0.14814814814814814,0.14814814814814814,0.037037037037037035,0.037037037037037035,0.14814814814814814,0.0,0.0,0.0,0.0,0.0,0.0,0.0,0.11111111111111112,0.11111111111111112
1490,0.16371681415929207,0.11061946902654869,0.11061946902654869,0.11061946902654869,0.11061946902654869,0.11061946902654869,0.03539823008849556,0.03539823008849556,0.02654867256637167,0.02654867256637167,0.03539823008849556,0.02654867256637167,0.02654867256637167,0.02654867256637167,0.02654867256637167,0.0,0.0,0.0,0.00884955752212389,0.00884955752212389
1491,0.16666666666666666,0.0,0.0,0.0,0.0,0.0,0.16666666666666666,0.16666666666666666,0.16666666666666666,0.16666666666666666,0.16666666666666666,0.0,0.0,0.0,0.0,0.0,0.0,0.0,0.0,0.0
1494,0.11515151515151523,0.04242424242424241,0.04242424242424241,0.04242424242424241,0.04242424242424241,0.04242424242424241,0.09393939393939398,0.06060606060606059,0.0303030303030303,0.0303030303030303,0.06060606060606059,0.07575757575757576,0.07575757575757576,0.04242424242424241,0.07575757575757576,0.03333333333333333,0.03333333333333333,0.0,0.0303030303030303,0.0303030303030303
1497,0.16666666666666666,0.16666666666666666,0.16666666666666666,0.16666666666666666,0.16666666666666666,0.16666666666666666,0.0,0.0,0.0,0.0,0.0,0.0,0.0,0.0,0.0,0.0,0.0,0.0,0.0,0.0
1498,0.07407407407407407,0.07407407407407407,0.07407407407407407,0.07407407407407407,0.07407407407407407,0.07407407407407407,0.11111111111111112,0.11111111111111112,0.0,0.0,0.11111111111111112,0.0,0.0,0.0,0.0,0.0,0.0,0.0,0.11111111111111112,0.11111111111111112
1499,0.1037735849056604,0.028301886792452827,0.028301886792452827,0.028301886792452827,0.028301886792452827,0.028301886792452827,0.11320754716981134,0.07547169811320756,0.07547169811320756,0.07547169811320756,0.07547169811320756,0.07547169811320756,0.07547169811320756,0.0,0.07547169811320756,0.03773584905660377,0.03773584905660377,0.03773584905660377,0.0,0.0
1500,0.12141779788838623,0.020361990950226207,0.020361990950226207,0.020361990950226207,0.020361990950226207,0.020361990950226207,0.1123680241327301,0.07541478129713422,0.06711915535444944,0.06711915535444944,0.07541478129713422,0.08144796380090501,0.08144796380090501,0.03393665158371036,0.08144796380090501,0.036953242835595715,0.036953242835595715,0.010558069381598775,0.00829562594268475,0.00829562594268475
1501,0.14529914529914525,0.09401709401709403,0.09401709401709403,0.09401709401709403,0.09401709401709403,0.09401709401709403,0.07692307692307693,0.07692307692307693,0.05128205128205129,0.05128205128205129,0.07692307692307693,0.0,0.0,0.0,0.0,0.0,0.0,0.0,0.025641025641025644,0.025641025641025644
1504,0.14400000000000004,0.09599999999999999,0.09599999999999999,0.09599999999999999,0.09599999999999999,0.09599999999999999,0.055999999999999994,0.055999999999999994,0.023999999999999997,0.023999999999999997,0.055999999999999994,0.023999999999999997,0.023999999999999997,0.023999999999999997,0.023999999999999997,0.0,0.0,0.0,0.032,0.032
1508,0.11764705882352941,0.058823529411764705,0.058823529411764705,0.058823529411764705,0.058823529411764705,0.058823529411764705,0.11764705882352941,0.11764705882352941,0.058823529411764705,0.058823529411764705,0.11764705882352941,0.0,0.0,0.0,0.0,0.0,0.0,0.0,0.058823529411764705,0.058823529411764705
1512,0.0,0.0,0.0,0.0,0.0,0.0,0.2,0.2,0.0,0.0,0.2,0.0,0.0,0.0,0.0,0.0,0.0,0.0,0.2,0.2
1515,0.16666666666666666,0.16666666666666666,0.16666666666666666,0.16666666666666666,0.16666666666666666,0.16666666666666666,0.0,0.0,0.0,0.0,0.0,0.0,0.0,0.0,0.0,0.0,0.0,0.0,0.0,0.0
1516,0.1724137931034483,0.0,0.0,0.0,0.0,0.0,0.13793103448275862,0.13793103448275862,0.13793103448275862,0.13793103448275862,0.13793103448275862,0.034482758620689655,0.034482758620689655,0.034482758620689655,0.034482758620689655,0.0,0.0,0.0,0.0,0.0
1517,0.0,0.0,0.0,0.0,0.0,0.0,0.16666666666666666,0.0,0.0,0.0,0.0,0.16666666666666666,0.16666666666666666,0.0,0.16666666666666666,0.16666666666666666,0.16666666666666666,0.0,0.0,0.0
1519,0.1888888888888889,0.016666666666666663,0.016666666666666663,0.016666666666666663,0.016666666666666663,0.016666666666666663,0.03888888888888888,0.03888888888888888,0.03888888888888888,0.03888888888888888,0.03888888888888888,0.13333333333333333,0.13333333333333333,0.13333333333333333,0.13333333333333333,0.0,0.0,0.0,0.0,0.0
1522,0.1666666666666666,0.12820512820512822,0.12820512820512822,0.12820512820512822,0.12820512820512822,0.12820512820512822,0.03846153846153846,0.03846153846153846,0.03846153846153846,0.03846153846153846,0.03846153846153846,0.0,0.0,0.0,0.0,0.0,0.0,0.0,0.0,0.0
1527,0.14871016691957495,0.0030349013657056186,0.0030349013657056186,0.0030349013657056186,0.0030349013657056186,0.0030349013657056186,0.09408194233687402,0.07435508345978757,0.07283763277693477,0.07283763277693477,0.07435508345978757,0.10622154779969645,0.10622154779969645,0.07283763277693477,0.10622154779969645,0.01972685887708652,0.01972685887708652,0.013657056145675283,0.0015174506828528093,0.0015174506828528093
1528,0.12222222222222223,0.1,0.1,0.1,0.1,0.1,0.06666666666666667,0.022222222222222216,0.022222222222222216,0.022222222222222216,0.022222222222222216,0.04444444444444443,0.04444444444444443,0.0,0.04444444444444443,0.04444444444444443,0.04444444444444443,0.0,0.0,0.0
1533,0.125,0.0625,0.0625,0.0625,0.0625,0.0625,0.0625,0.0625,0.0625,0.0625,0.0625,0.0625,0.0625,0.0,0.0625,0.0,0.0,0.0625,0.0,0.0
1534,0.09219858156028368,0.07801418439716312,0.07801418439716312,0.07801418439716312,0.07801418439716312,0.07801418439716312,0.09929078014184395,0.07801418439716312,0.014184397163120565,0.014184397163120565,0.07801418439716312,0.021276595744680847,0.021276595744680847,0.0,0.021276595744680847,0.021276595744680847,0.021276595744680847,0.0,0.06382978723404256,0.06382978723404256
1535,0.0,0.0,0.0,0.0,0.0,0.0,0.2,0.2,0.0,0.0,0.2,0.0,0.0,0.0,0.0,0.0,0.0,0.0,0.2,0.2
1540,0.16666666666666666,0.08333333333333333,0.08333333333333333,0.08333333333333333,0.08333333333333333,0.08333333333333333,0.08333333333333333,0.08333333333333333,0.08333333333333333,0.08333333333333333,0.08333333333333333,0.0,0.0,0.0,0.0,0.0,0.0,0.0,0.0,0.0
1541,0.16666666666666666,0.16666666666666666,0.16666666666666666,0.16666666666666666,0.16666666666666666,0.16666666666666666,0.0,0.0,0.0,0.0,0.0,0.0,0.0,0.0,0.0,0.0,0.0,0.0,0.0,0.0
1543,0.0,0.0,0.0,0.0,0.0,0.0,0.0,0.0,0.0,0.0,0.0,0.25,0.25,0.0,0.25,0.0,0.0,0.25,0.0,0.0
1544,0.16666666666666669,0.125,0.125,0.125,0.125,0.125,0.04166666666666667,0.04166666666666667,0.04166666666666667,0.04166666666666667,0.04166666666666667,0.0,0.0,0.0,0.0,0.0,0.0,0.0,0.0,0.0
1545,0.16666666666666666,0.16666666666666666,0.16666666666666666,0.16666666666666666,0.16666666666666666,0.16666666666666666,0.0,0.0,0.0,0.0,0.0,0.0,0.0,0.0,0.0,0.0,0.0,0.0,0.0,0.0
1547,0.16666666666666666,0.16666666666666666,0.16666666666666666,0.16666666666666666,0.16666666666666666,0.16666666666666666,0.0,0.0,0.0,0.0,0.0,0.0,0.0,0.0,0.0,0.0,0.0,0.0,0.0,0.0
1551,0.15355233002291846,0.07181054239877768,0.07181054239877768,0.07181054239877768,0.07181054239877768,0.07181054239877768,0.08021390374331558,0.06722689075630252,0.06493506493506493,0.06493506493506493,0.06722689075630252,0.03132161955691362,0.03132161955691362,0.01680672268907561,0.03132161955691362,0.012987012987012969,0.012987012987012969,0.0015278838808250555,0.0022918258212375835,0.0022918258212375835
1555,0.08788395904436858,0.020477815699658737,0.020477815699658737,0.020477815699658737,0.020477815699658737,0.020477815699658737,0.12116040955631394,0.07423208191126278,0.060580204778156996,0.060580204778156996,0.07423208191126278,0.08617747440273035,0.08617747440273035,0.006825938566552912,0.08617747440273035,0.046928327645051206,0.046928327645051206,0.032423208191126304,0.013651877133105825,0.013651877133105825
1557,0.15999999999999998,0.013333333333333336,0.013333333333333336,0.013333333333333336,0.013333333333333336,0.013333333333333336,0.15333333333333332,0.14666666666666664,0.14666666666666664,0.14666666666666664,0.14666666666666664,0.006666666666666668,0.006666666666666668,0.0,0.006666666666666668,0.006666666666666668,0.006666666666666668,0.0,0.0,0.0
1558,0.16666666666666666,0.16666666666666666,0.16666666666666666,0.16666666666666666,0.16666666666666666,0.16666666666666666,0.0,0.0,0.0,0.0,0.0,0.0,0.0,0.0,0.0,0.0,0.0,0.0,0.0,0.0
1561,0.0,0.0,0.0,0.0,0.0,0.0,0.09999999999999999,0.0,0.0,0.0,0.0,0.19999999999999998,0.19999999999999998,0.0,0.19999999999999998,0.09999999999999999,0.09999999999999999,0.09999999999999999,0.0,0.0
1562,0.1623376623376625,0.05844155844155839,0.05844155844155839,0.05844155844155839,0.05844155844155839,0.05844155844155839,0.10822510822510825,0.10389610389610392,0.10389610389610392,0.10389610389610392,0.10389610389610392,0.004329004329004328,0.004329004329004328,0.0,0.004329004329004328,0.004329004329004328,0.004329004329004328,0.0,0.0,0.0
1565,0.16304347826086957,0.010869565217391308,0.010869565217391308,0.010869565217391308,0.010869565217391308,0.010869565217391308,0.13043478260869565,0.13043478260869565,0.13043478260869565,0.13043478260869565,0.13043478260869565,0.03260869565217392,0.03260869565217392,0.021739130434782615,0.03260869565217392,0.0,0.0,0.010869565217391308,0.0,0.0
1569,0.16666666666666666,0.16666666666666666,0.16666666666666666,0.16666666666666666,0.16666666666666666,0.16666666666666666,0.0,0.0,0.0,0.0,0.0,0.0,0.0,0.0,0.0,0.0,0.0,0.0,0.0,0.0
1575,0.16666666666666666,0.0,0.0,0.0,0.0,0.0,0.16666666666666666,0.16666666666666666,0.16666666666666666,0.16666666666666666,0.16666666666666666,0.0,0.0,0.0,0.0,0.0,0.0,0.0,0.0,0.0
1576,0.16666666666666666,0.0,0.0,0.0,0.0,0.0,0.16666666666666666,0.16666666666666666,0.16666666666666666,0.16666666666666666,0.16666666666666666,0.0,0.0,0.0,0.0,0.0,0.0,0.0,0.0,0.0
1577,0.1708967851099828,0.03891708967851102,0.03891708967851102,0.03891708967851102,0.03891708967851102,0.03891708967851102,0.08967851099830794,0.08629441624365482,0.08629441624365482,0.08629441624365482,0.08629441624365482,0.04906937394247043,0.04906937394247043,0.04568527918781729,0.04906937394247043,0.0033840947546531315,0.0033840947546531315,0.0,0.0,0.0
1579,0.0909090909090909,0.0909090909090909,0.0909090909090909,0.0909090909090909,0.0909090909090909,0.0909090909090909,0.0909090909090909,0.0909090909090909,0.0,0.0,0.0909090909090909,0.0,0.0,0.0,0.0,0.0,0.0,0.0,0.0909090909090909,0.0909090909090909
1581,0.14788732394366189,0.056338028169014086,0.056338028169014086,0.056338028169014086,0.056338028169014086,0.056338028169014086,0.09859154929577463,0.07746478873239436,0.07746478873239436,0.07746478873239436,0.07746478873239436,0.0352112676056338,0.0352112676056338,0.014084507042253518,0.0352112676056338,0.021126760563380274,0.021126760563380274,0.0,0.0,0.0
1582,0.16666666666666663,0.07407407407407408,0.07407407407407408,0.07407407407407408,0.07407407407407408,0.07407407407407408,0.09259259259259259,0.09259259259259259,0.09259259259259259,0.09259259259259259,0.09259259259259259,0.0,0.0,0.0,0.0,0.0,0.0,0.0,0.0,0.0
1583,0.0,0.0,0.0,0.0,0.0,0.0,0.0,0.0,0.0,0.0,0.0,0.25,0.25,0.0,0.25,0.0,0.0,0.25,0.0,0.0
1585,0.16078431372549037,0.06862745098039212,0.06862745098039212,0.06862745098039212,0.06862745098039212,0.06862745098039212,0.0803921568627451,0.0803921568627451,0.0803921568627451,0.0803921568627451,0.0803921568627451,0.02352941176470587,0.02352941176470587,0.011764705882352936,0.02352941176470587,0.0,0.0,0.011764705882352936,0.0,0.0
1586,0.16666666666666666,0.16666666666666666,0.16666666666666666,0.16666666666666666,0.16666666666666666,0.16666666666666666,0.0,0.0,0.0,0.0,0.0,0.0,0.0,0.0,0.0,0.0,0.0,0.0,0.0,0.0
1591,0.15789473684210525,0.15789473684210525,0.15789473684210525,0.15789473684210525,0.15789473684210525,0.15789473684210525,0.010526315789473682,0.010526315789473682,0.0,0.0,0.010526315789473682,0.0,0.0,0.0,0.0,0.0,0.0,0.0,0.010526315789473682,0.010526315789473682
1593,0.047619047619047616,0.047619047619047616,0.047619047619047616,0.047619047619047616,0.047619047619047616,0.047619047619047616,0.14285714285714285,0.14285714285714285,0.0,0.0,0.14285714285714285,0.0,0.0,0.0,0.0,0.0,0.0,0.0,0.14285714285714285,0.14285714285714285
1598,0.16666666666666666,0.08333333333333333,0.08333333333333333,0.08333333333333333,0.08333333333333333,0.08333333333333333,0.08333333333333333,0.08333333333333333,0.08333333333333333,0.08333333333333333,0.08333333333333333,0.0,0.0,0.0,0.0,0.0,0.0,0.0,0.0,0.0
1600,0.16666666666666666,0.005847953216374265,0.005847953216374265,0.005847953216374265,0.005847953216374265,0.005847953216374265,0.1608187134502924,0.1608187134502924,0.1608187134502924,0.1608187134502924,0.1608187134502924,0.0,0.0,0.0,0.0,0.0,0.0,0.0,0.0,0.0
1603,0.16666666666666666,0.1111111111111111,0.1111111111111111,0.1111111111111111,0.1111111111111111,0.1111111111111111,0.05555555555555555,0.05555555555555555,0.05555555555555555,0.05555555555555555,0.05555555555555555,0.0,0.0,0.0,0.0,0.0,0.0,0.0,0.0,0.0
1605,0.0,0.0,0.0,0.0,0.0,0.0,0.16666666666666669,0.0,0.0,0.0,0.0,0.16666666666666669,0.16666666666666669,0.0,0.16666666666666669,0.16666666666666669,0.16666666666666669,0.0,0.0,0.0
1606,0.15833333333333335,0.05000000000000001,0.05000000000000001,0.05000000000000001,0.05000000000000001,0.05000000000000001,0.09166666666666669,0.09166666666666669,0.07500000000000001,0.07500000000000001,0.09166666666666669,0.03333333333333334,0.03333333333333334,0.03333333333333334,0.03333333333333334,0.0,0.0,0.0,0.01666666666666667,0.01666666666666667
1609,0.13636363636363638,0.13636363636363638,0.13636363636363638,0.13636363636363638,0.13636363636363638,0.13636363636363638,0.0,0.0,0.0,0.0,0.0,0.045454545454545456,0.045454545454545456,0.0,0.045454545454545456,0.0,0.0,0.045454545454545456,0.0,0.0
1611,0.0,0.0,0.0,0.0,0.0,0.0,0.0,0.0,0.0,0.0,0.0,0.25,0.25,0.0,0.25,0.0,0.0,0.25,0.0,0.0
1614,0.17500000000000002,0.0125,0.0125,0.0125,0.0125,0.0125,0.11249999999999999,0.11249999999999999,0.11249999999999999,0.11249999999999999,0.11249999999999999,0.05,0.05,0.05,0.05,0.0,0.0,0.0,0.0,0.0
1617,0.16666666666666666,0.08333333333333333,0.08333333333333333,0.08333333333333333,0.08333333333333333,0.08333333333333333,0.08333333333333333,0.08333333333333333,0.08333333333333333,0.08333333333333333,0.08333333333333333,0.0,0.0,0.0,0.0,0.0,0.0,0.0,0.0,0.0
1619,0.16666666666666669,0.11904761904761907,0.11904761904761907,0.11904761904761907,0.11904761904761907,0.11904761904761907,0.04761904761904763,0.04761904761904763,0.04761904761904763,0.04761904761904763,0.04761904761904763,0.0,0.0,0.0,0.0,0.0,0.0,0.0,0.0,0.0
1620,0.16666666666666666,0.16666666666666666,0.16666666666666666,0.16666666666666666,0.16666666666666666,0.16666666666666666,0.0,0.0,0.0,0.0,0.0,0.0,0.0,0.0,0.0,0.0,0.0,0.0,0.0,0.0
1621,0.15730337078651688,0.0,0.0,0.0,0.0,0.0,0.16853932584269665,0.16853932584269665,0.15730337078651688,0.15730337078651688,0.16853932584269665,0.0,0.0,0.0,0.0,0.0,0.0,0.0,0.011235955056179775,0.011235955056179775
1625,0.2,0.0,0.0,0.0,0.0,0.0,0.0,0.0,0.0,0.0,0.0,0.2,0.2,0.2,0.2,0.0,0.0,0.0,0.0,0.0
1627,0.103448275862069,0.017797552836484966,0.017797552836484966,0.017797552836484966,0.017797552836484966,0.017797552836484966,0.10456062291434932,0.03781979977753056,0.03670745272525024,0.03670745272525024,0.03781979977753056,0.121245828698554,0.121245828698554,0.048943270300333686,0.121245828698554,0.06674082313681869,0.06674082313681869,0.005561735261401552,0.0011123470522803104,0.0011123470522803104
1628,0.16666666666666666,0.0,0.0,0.0,0.0,0.0,0.16666666666666666,0.16666666666666666,0.16666666666666666,0.16666666666666666,0.16666666666666666,0.0,0.0,0.0,0.0,0.0,0.0,0.0,0.0,0.0
1630,0.16666666666666666,0.0,0.0,0.0,0.0,0.0,0.16666666666666666,0.16666666666666666,0.16666666666666666,0.16666666666666666,0.16666666666666666,0.0,0.0,0.0,0.0,0.0,0.0,0.0,0.0,0.0
1631,0.1,0.0,0.0,0.0,0.0,0.0,0.15,0.1,0.07500000000000001,0.07500000000000001,0.1,0.07500000000000001,0.07500000000000001,0.025,0.07500000000000001,0.05,0.05,0.0,0.025,0.025
1632,0.16336633663366332,0.12376237623762373,0.12376237623762373,0.12376237623762373,0.12376237623762373,0.12376237623762373,0.01980198019801981,0.01980198019801981,0.01980198019801981,0.01980198019801981,0.01980198019801981,0.029702970297029712,0.029702970297029712,0.01980198019801981,0.029702970297029712,0.0,0.0,0.009900990099009905,0.0,0.0
1634,0.10091743119266057,0.07339449541284404,0.07339449541284404,0.07339449541284404,0.07339449541284404,0.07339449541284404,0.045871559633027525,0.0,0.0,0.0,0.0,0.11009174311926608,0.11009174311926608,0.02752293577981652,0.11009174311926608,0.045871559633027525,0.045871559633027525,0.03669724770642202,0.0,0.0
1635,0.16666666666666666,0.16666666666666666,0.16666666666666666,0.16666666666666666,0.16666666666666666,0.16666666666666666,0.0,0.0,0.0,0.0,0.0,0.0,0.0,0.0,0.0,0.0,0.0,0.0,0.0,0.0
1641,0.16666666666666669,0.0,0.0,0.0,0.0,0.0,0.16666666666666669,0.16666666666666669,0.16666666666666669,0.16666666666666669,0.16666666666666669,0.0,0.0,0.0,0.0,0.0,0.0,0.0,0.0,0.0
1663,0.16774193548387098,0.08387096774193549,0.08387096774193549,0.08387096774193549,0.08387096774193549,0.08387096774193549,0.03870967741935484,0.03870967741935484,0.03225806451612903,0.03225806451612903,0.03870967741935484,0.054838709677419356,0.054838709677419356,0.05161290322580645,0.054838709677419356,0.0,0.0,0.0032258064516129032,0.0064516129032258064,0.0064516129032258064
1664,0.0,0.0,0.0,0.0,0.0,0.0,0.16666666666666666,0.0,0.0,0.0,0.0,0.16666666666666666,0.16666666666666666,0.0,0.16666666666666666,0.16666666666666666,0.16666666666666666,0.0,0.0,0.0
1770,0.16666666666666669,0.16666666666666669,0.16666666666666669,0.16666666666666669,0.16666666666666669,0.16666666666666669,0.0,0.0,0.0,0.0,0.0,0.0,0.0,0.0,0.0,0.0,0.0,0.0,0.0,0.0
1771,0.16666666666666666,0.08333333333333333,0.08333333333333333,0.08333333333333333,0.08333333333333333,0.08333333333333333,0.08333333333333333,0.08333333333333333,0.08333333333333333,0.08333333333333333,0.08333333333333333,0.0,0.0,0.0,0.0,0.0,0.0,0.0,0.0,0.0
1813,0.05555555555555556,0.0,0.0,0.0,0.0,0.0,0.16666666666666666,0.05555555555555556,0.05555555555555556,0.05555555555555556,0.05555555555555556,0.11111111111111112,0.11111111111111112,0.0,0.11111111111111112,0.11111111111111112,0.11111111111111112,0.0,0.0,0.0
1819,0.1276408450704225,0.03257042253521126,0.03257042253521126,0.03257042253521126,0.03257042253521126,0.03257042253521126,0.10915492957746477,0.0862676056338028,0.0669014084507042,0.0669014084507042,0.0862676056338028,0.05809859154929576,0.05809859154929576,0.028169014084507036,0.05809859154929576,0.022887323943661966,0.022887323943661966,0.007042253521126759,0.019366197183098587,0.019366197183098587
1820,0.0,0.0,0.0,0.0,0.0,0.0,0.2,0.2,0.0,0.0,0.2,0.0,0.0,0.0,0.0,0.0,0.0,0.0,0.2,0.2
1826,0.16666666666666666,0.0,0.0,0.0,0.0,0.0,0.16666666666666666,0.16666666666666666,0.16666666666666666,0.16666666666666666,0.16666666666666666,0.0,0.0,0.0,0.0,0.0,0.0,0.0,0.0,0.0
1827,0.05,0.0,0.0,0.0,0.0,0.0,0.15,0.15,0.0,0.0,0.15,0.05,0.05,0.05,0.05,0.0,0.0,0.0,0.15,0.15
