,id,x,y
0,414314-16412929-1,0.6867717,0.87248176
1,414314-16412931-2,0.42788833,0.5918558
2,414314-16412931-3,0.0,0.54845893
3,414314-16412935-4,0.13202175,0.6500453
4,414314-16412935-5,0.07156552,0.67239827
5,414314-16412935-6,0.071565285,0.67239827
6,414314-16412937-7,0.15679835,0.6497329
7,414314-16412938-8,0.44199154,0.55484545
8,414314-16412943-9,0.44199154,0.5548454
9,414314-16412945-10,0.16268218,0.56213695
10,414314-16412947-11,0.17493272,0.5581672
11,414314-16412949-12,0.44141904,0.5544215
12,414314-16412951-13,0.17493299,0.55816495
13,414105-16373250-19,0.25545993,0.55683285
14,414105-16373338-20,0.97003716,0.5624918
15,414105-16373348-21,0.80081016,0.5960418
16,414105-16373407-22,0.3056011,0.7124909
17,414105-16373473-23,0.623136,0.50636923
18,414105-16373498-24,0.30559933,0.7124909
19,414105-16373501-25,0.3056005,0.7124911
20,414105-16373537-26,0.81114054,0.8019952
21,414105-16373544-27,0.81114495,0.8019953
22,414105-16373544-28,0.8181302,0.79926735
23,414105-16373545-29,0.81114626,0.8019945
24,414105-16373551-30,0.92955416,0.8953656
25,414105-16373558-31,0.753314,0.6283983
26,414105-16373561-32,0.84241056,0.6427678
27,414105-16373573-33,0.52055496,0.74033666
28,414105-16373577-34,0.8431083,0.63822275
29,414105-16373577-35,0.69344795,0.47571033
30,414105-16373581-36,0.9835148,0.5781199
31,414105-16373588-38,0.44191214,0.55488837
32,414105-16373592-39,0.441653,0.55465686
33,414105-16373600-40,0.87687063,0.64851946
34,414105-16373610-41,0.7436877,0.6162109
35,414105-16373618-42,0.8318204,0.6397682
36,414105-16373621-43,0.8008057,0.5960361
37,414105-16373626-44,0.839476,0.63552237
38,414105-16373637-45,0.87684774,0.64853257
39,414105-16373639-46,0.5205474,0.74034
40,414105-16373676-47,0.5293561,0.86462194
41,414105-16373680-48,0.8433104,0.63841
42,414105-16373683-49,0.840249,0.63588583
43,414105-16373683-50,0.8417584,0.6366507
44,414105-16373685-51,0.9037651,0.9193418
45,414105-16373696-53,0.9708809,0.55666155
46,414105-16373698-54,0.971171,0.5569389
47,414105-16373698-55,0.09185383,0.50500125
48,414105-16373704-56,0.983511,0.578115
49,414105-16373705-57,0.78061193,0.7994471
50,414105-16373709-58,0.84413904,0.6403506
51,414105-16373713-59,0.106634796,0.5012826
52,414105-16373713-60,0.5429365,0.7368323
53,414105-16373714-61,0.84404504,0.6403622
54,414105-16373719-62,0.79980195,0.6587099
55,414105-16373722-63,0.52490044,0.86172855
56,414105-16373723-64,0.4898328,0.87187237
57,414105-16373723-65,0.48983,0.87187076
58,414105-16373725-66,0.7762771,0.79208493
59,414105-16373725-67,0.77627534,0.79205424
60,414105-16373737-68,0.1549223,0.5650753
61,414105-16373756-69,0.81661224,0.91475576
62,414105-16373756-70,0.81661075,0.914752
63,414105-16373764-71,0.78061104,0.7994505
64,414105-16373769-72,0.805233,0.41606894
65,414105-16373787-73,0.9710676,0.5615167
66,414105-16373788-74,0.97192085,0.5591426
67,414105-16373788-75,0.93443066,0.89217174
68,414105-16373793-76,0.93665546,0.88251483
69,414105-16373793-77,0.9715154,0.55981743
70,414105-16373796-78,1.0,0.5505706
71,414105-16373797-79,0.5251204,0.8623072
72,414105-16373807-80,0.5087583,0.72491986
73,414105-16373810-81,0.831947,0.639858
74,414105-16373815-82,0.85467535,0.54209125
75,414105-16373835-83,0.79873186,0.516022
76,414105-16373839-84,0.7901657,0.5220764
77,414105-16373847-85,0.50493217,0.7666429
78,414105-16373872-86,0.9999765,0.55056816
79,414105-16373876-87,0.7941967,0.52398
80,414105-16373885-88,0.92008334,0.9002047
81,414105-16373886-89,0.5240315,0.84766227
82,414105-16373886-90,0.5249946,0.8614239
83,414105-16373892-91,0.83789325,0.6346919
84,414105-16373894-92,0.75331265,0.6284012
85,414105-16373895-93,0.7969624,0.51466984
86,414105-16373903-94,0.9680596,0.5632749
87,414105-16373912-95,0.6249366,0.5933422
88,414105-16373913-96,0.5323121,0.86483663
89,414105-16373914-97,0.5319719,0.86483043
90,414105-16373925-98,0.61559993,0.9729254
91,414105-16373929-99,0.5284809,0.76108754
92,414105-16373936-100,0.6231099,0.50637376
93,414105-16373947-101,0.5374786,0.86409706
94,414105-16373994-102,0.83352256,0.63425505
95,414105-16373997-103,0.8289067,0.6341965
96,414105-16374000-104,0.8257308,0.6351501
97,414105-16374017-105,0.8336357,0.63424397
98,414105-16374019-106,0.8253206,0.63526225
99,414105-16374035-107,0.9104079,0.90210015
100,414105-16374042-108,0.9171643,0.8943809
101,414105-16374043-109,0.9054579,0.90247166
102,414105-16374043-110,0.9141197,0.89839566
103,414312-16412845-616,0.7184241,0.9089515
104,414312-16412864-617,0.54127777,0.86099905
105,414312-16412870-618,0.59873146,0.8664312
106,414312-16412886-619,0.102235936,0.52790046
107,414312-16412887-620,0.11738244,0.5357021
108,414312-16412889-621,0.09399584,0.570539
109,414312-16412890-622,0.6188422,0.5038487
110,414312-16412969-623,0.5987264,0.8664314
111,414312-16412974-624,0.55065703,0.8498047
112,414312-16412980-625,0.8546324,0.54209626
113,414312-16412982-626,0.4833906,0.7023458
114,484844-19997757-627,0.7656958,0.5221825
115,484844-19997777-628,0.8529036,0.5683335
116,484844-19997783-629,0.4797754,0.9974591
117,484844-19997783-630,0.48267922,0.999579
118,484844-19997783-631,0.4797754,0.9974591
119,484844-19997783-632,0.47988087,0.9976038
120,484844-19997783-633,0.48442748,1.0
121,484844-19997783-634,0.4836252,0.99983704
122,484844-19997783-635,0.48442748,1.0
123,484844-19997783-636,0.52516466,0.9948068
124,484844-19997783-637,0.4900294,0.9997071
125,484844-19997783-638,0.47965175,0.9967314
126,484844-19997783-639,0.49002936,0.9997071
127,484844-19997783-640,0.49037653,0.9996077
128,484844-19997792-641,0.79111904,0.91127425
129,484844-19997792-642,0.43141484,0.9906389
130,484844-19997792-643,0.43141487,0.99064016
131,484844-19997792-644,0.36543903,0.7133768
132,484844-19997792-645,0.4314148,0.9906389
133,484844-19997792-646,0.24006473,0.59245217
134,484844-19997792-647,0.36543408,0.71337724
135,484844-19997792-648,0.43141413,0.9906409
136,484844-19997792-649,0.43141404,0.9906429
137,484844-19997792-650,0.4314147,0.99064076
138,484844-19997792-651,0.4148376,0.71908003
139,484844-19997792-652,0.41482735,0.71906847
140,484844-19997792-653,0.43136707,0.99066347
141,484844-19997792-654,0.36543044,0.71337354
142,484844-19997792-655,0.4314158,0.9906385
143,484844-19997792-656,0.3654394,0.7133794
144,484844-19997792-657,0.4204469,0.97106314
145,484844-19997792-658,0.41483897,0.71908027
146,484844-19997792-659,0.24006747,0.59245133
147,484844-19997792-660,0.23201536,0.5898462
148,484844-19997792-661,0.36543936,0.71337765
149,484844-19997792-662,0.22669089,0.5904808
150,484844-19997808-663,0.4688966,0.969315
151,484844-19997808-664,0.4842681,0.9933611
152,484844-19997808-665,0.49237278,0.99857616
153,484844-19997808-666,0.4934639,0.99722546
154,484844-19997808-667,0.4934866,0.99630696
155,484844-19997808-668,0.46889576,0.9693151
156,484844-19997808-669,0.46889484,0.96931636
157,484844-19997808-670,0.488961,0.99335736
158,484844-19997808-671,0.468895,0.96931535
159,484844-19997808-672,0.43274596,0.976227
160,484844-19997808-673,0.4327422,0.97622097
161,484844-19997808-1815,0.49349374,0.99697953
162,484844-19997833-674,0.8209145,0.5104716
163,484844-19997833-675,0.8213972,0.5109741
164,484844-19997833-676,0.4975523,0.942564
165,484844-19997842-677,0.87944305,0.5743834
166,484844-19997848-678,0.8209132,0.51047146
167,484844-19997848-679,0.8168614,0.5113995
168,484844-19997848-680,0.5184912,0.9497567
169,484844-19997848-681,0.80284,0.50804365
170,484844-19997848-682,0.8028389,0.50804365
171,484844-19997848-683,0.51848686,0.94975317
172,484844-19997856-684,0.48501492,0.93673146
173,484844-19997856-685,0.48498106,0.93679446
174,484844-19997859-686,0.4850232,0.93673855
175,484844-19997859-687,0.48502424,0.9367372
176,484844-19997859-688,0.48503593,0.936732
177,484844-19997859-689,0.48503175,0.93673277
178,484844-19997859-690,0.4850313,0.93672836
179,484844-19997859-691,0.48507965,0.9367058
180,484844-19997864-692,0.4846937,0.93044364
181,484844-19997864-693,0.48502237,0.9367338
182,484844-19997864-694,0.48508942,0.93670934
183,484844-19997867-695,0.48507252,0.9367148
184,484844-19997867-696,0.48507255,0.9367148
185,484844-19997867-697,0.48507252,0.9367148
186,484844-19997891-698,0.52517164,0.99481726
187,484844-19997891-699,0.42037615,0.97107816
188,484844-19997891-700,0.46889585,0.96931535
189,484844-19997891-701,0.431342,0.99069744
190,484844-19997891-702,0.36542633,0.7133701
191,484844-19997891-703,0.3654267,0.7133701
192,484844-19997891-704,0.42041376,0.97107565
193,484844-19997891-705,0.43139,0.990667
194,484844-19997891-706,0.420415,0.97107655
195,484844-19997891-707,0.49310213,0.9953641
196,484844-19997891-708,0.4904285,0.9936591
197,484844-19997891-709,0.49021953,0.9935842
198,484844-19997891-710,0.49084044,0.9938189
199,484844-19997925-711,0.84592044,0.45938736
200,484844-19997925-712,0.8459211,0.45938838
201,484844-19997925-713,0.97606134,0.8157913
202,484844-19997942-714,0.7781303,0.8941018
203,484844-19997947-715,0.7723418,0.8952066
204,484844-19997947-716,0.499492,0.9229161
205,484844-19997954-717,0.79183185,0.512443
206,484844-19997977-718,0.73992616,0.49755782
207,484844-19997987-719,0.5063142,0.9245642
208,484844-19998004-720,0.6270525,0.9426418
209,484844-19998011-721,0.54889876,0.780027
210,484844-19998021-722,0.7400726,0.4982261
211,410634-16256026-747,0.2548888,0.5567768
212,410634-16256063-748,0.32875344,0.72710395
213,410634-16256065-749,0.16531032,0.6522567
214,410634-16256068-750,0.7456171,0.6200506
215,410634-16256077-751,0.7992705,0.62995535
216,414309-16413051-1971,0.28993875,0.51778156
217,414309-16413072-1972,0.177208,0.6789114
218,414309-16413072-1973,0.15290268,0.51077724
219,414309-16413073-1974,0.15672691,0.51900357
220,414309-16413075-1975,0.14957194,0.5080473
221,414309-16413075-1976,0.07842699,0.6538341
222,414309-16413077-1977,0.87606645,0.6293222
223,414309-16413077-1978,0.15690885,0.51500076
224,414309-16413078-1979,0.15577203,0.6786501
225,414309-16413080-1980,0.83661234,0.8984093
226,414309-16413081-1981,0.87316036,0.8554267
227,414309-16413082-1982,0.82951707,0.6455331
228,414309-16413083-1983,0.45149156,0.5854398
229,414309-16413083-1984,0.6987613,0.47808674
230,414309-16413084-1985,0.45039043,0.583032
231,414309-16413084-1986,0.45039055,0.5830317
232,414309-16413091-1987,0.6985883,0.47785616
233,414309-16413100-1988,0.43940163,0.555358
234,414309-16413111-1989,0.5205091,0.74033725
235,414309-16413113-1990,0.09399865,0.5705414
236,414309-16413115-1991,0.7024207,0.47797012
237,414309-16413116-1992,0.85774744,0.8857183
238,414309-16413117-1993,0.82955366,0.64552104
239,414309-16413118-1994,0.5260434,0.8591385
240,414309-16413119-1995,0.858308,0.8891057
241,414309-16413120-1996,0.5406434,0.8622912
242,414309-16413124-1997,0.155922,0.49414742
243,414309-16413129-1998,0.1442999,0.5310758
244,414309-16413131-1999,0.8604419,0.87833405
245,414309-16413134-2000,0.14638469,0.6781624
246,414309-16413145-2001,0.74127614,0.48623544
247,414309-16413147-2002,0.09401191,0.57054245
248,414309-16413149-2003,0.858381,0.88169724
249,414309-16413152-2004,0.3219261,0.7222261
250,414309-16413153-2005,0.21035603,0.5329063
251,414309-16413155-2006,0.621174,0.94237477
252,414309-16413159-2007,0.3337282,0.74569076
253,414309-16413162-2008,0.82461214,0.64432067
254,414309-16413175-2009,0.14212626,0.51741624
255,414309-16413176-2010,0.14705868,0.528282
256,414309-16413176-2011,0.13491842,0.52387416
257,414309-16413178-2012,0.1490785,0.5146436
258,414309-16413178-2013,0.14217074,0.51268935
259,414309-16413179-2014,0.126927,0.7258423
260,414309-16413180-2015,0.12692554,0.72584414
261,414309-16413194-2016,0.7032801,0.47788668
262,414309-16413206-2017,0.13881308,0.5103535
263,414309-16413208-2018,0.13508856,0.50831544
264,414309-16413212-2019,0.13840316,0.6505305
265,414309-16413214-2020,0.8854841,0.8679338
266,414309-16413219-2021,0.13807534,0.50335425
267,414309-16413221-2022,0.88113993,0.8737352
268,414309-16413223-2023,0.8893457,0.87330747
269,414309-16413227-2024,0.82015324,0.6407792
270,414309-16413230-2025,0.1445148,0.67290837
271,414309-16413233-2026,0.8257601,0.6447335
272,414309-16413237-2027,0.8732586,0.87061554
273,414309-16413242-2028,0.8906713,0.8681996
274,414309-16413254-2029,0.6231452,0.506367
275,414309-16413261-2030,0.21035174,0.5329034
276,414309-16413270-2031,0.14434552,0.5055108
277,414309-16413275-2032,0.1388012,0.673739
278,414309-16413282-2033,0.12778266,0.5268235
279,414309-16413299-2034,0.09401366,0.57054114
280,414309-16413300-2035,0.126927,0.7258427
281,414309-16413304-2036,0.1520351,0.67449445
282,414309-16413324-2037,0.16936117,0.6746369
283,414309-16413329-2038,0.8007313,0.41669422
284,414309-16413329-2039,0.17418803,0.6766434
285,414309-16413331-2040,0.13093568,0.6767825
286,414309-16413332-2041,0.8796736,0.8692385
287,414309-16413338-2042,0.70775706,0.4754451
288,414309-16413339-2043,0.7044466,0.47161415
289,414309-16413343-2044,0.4394543,0.5552519
290,414309-16413344-2045,0.1371954,0.68643826
291,414309-16413346-2046,0.12449514,0.6845833
292,414309-16413349-2047,0.13164546,0.5286618
293,414309-16413353-2048,0.14468558,0.6904323
294,414309-16413360-2049,0.3338819,0.745895
295,414309-16413365-2050,0.1325492,0.6929918
296,414309-16413369-2051,0.12666501,0.68918157
297,414309-16413370-2052,0.7057942,0.4721314
298,414309-16413374-2053,0.70518816,0.4773077
299,414309-16413375-2054,0.1403176,0.67635113
300,414309-16413386-2055,0.80350715,0.4223386
301,414309-16413390-2056,0.54050887,0.8624747
302,414309-16413390-2057,0.798965,0.42086986
303,414309-16413399-2058,0.13817076,0.68975043
304,414309-16413399-2059,0.45081082,0.5824432
305,414309-16413401-2060,0.82251686,0.6368041
306,414309-16413403-2061,0.04726229,0.493141
307,414309-16413411-2062,0.82150286,0.6375954
308,414309-16413414-2063,0.1555102,0.5224268
309,414309-16413416-2064,0.14736997,0.6843078
310,414309-16413420-2065,0.15296564,0.5258492
311,414309-16413421-2066,0.8219275,0.63736147
312,414309-16413425-2067,0.12542072,0.6874429
313,414309-16413435-2068,0.6994318,0.4710736
314,414309-16413440-2069,0.13070709,0.53401273
315,414309-16413449-2070,0.798201,0.4182909
316,414309-16413461-2071,0.14022976,0.6843074
317,414309-16413472-2072,0.12611929,0.6798623
318,414309-16413475-2073,0.70766413,0.47354096
319,414309-16413481-2074,0.093994655,0.5705449
320,414309-16413486-2075,0.4551956,0.58051836
321,414309-16413488-2076,0.11175146,0.51496285
322,414309-16413492-2077,0.7235072,0.45818278
323,414309-16413493-2078,0.7235086,0.45818296
324,414309-16413495-2079,0.630029,0.5049119
325,414309-16413497-2080,0.6990131,0.47795916
326,414309-16413499-2081,0.95738894,0.5587855
327,414309-16413504-2082,0.4701495,0.70895255
328,414309-16413513-2083,0.7064136,0.47672603
329,414309-16413516-2084,0.96342236,0.55320615
330,414309-16413528-2085,0.17925583,0.68658286
331,414309-16413532-2086,0.11945064,0.51524615
332,414309-16413535-2087,0.45341,0.58092874
333,414309-16413537-2088,0.15958023,0.69644773
334,414309-16413537-2089,0.12571152,0.52355444
335,414309-16413539-2090,0.1529064,0.6917387
336,414309-16413540-2091,0.1645398,0.69567704
337,414309-16413549-2092,0.12127748,0.518066
338,414309-16413553-2093,0.8656548,0.88491565
339,414309-16413554-2094,0.12398251,0.512363
340,414309-16413556-2095,0.13248324,0.51485705
341,414309-16413561-2096,0.45037925,0.5830914
342,414309-16413567-2097,0.17787325,0.6818278
343,414309-16413570-2098,0.88801956,0.8838598
344,414309-16413572-2099,0.09721047,0.5258149
345,414309-16413574-2100,0.8733829,0.88385147
346,414309-16413577-2101,0.86464435,0.8749524
347,414309-16413579-2102,0.12856516,0.5089647
348,414309-16413624-2103,0.11401124,0.51238704
349,414309-16413629-2104,0.8910436,0.8765923
350,414309-16413632-2105,0.907171,0.8542295
351,414309-16413635-2106,0.88960457,0.8541364
352,414309-16413643-2107,0.12030957,0.51000965
353,414309-16413649-2108,0.16099292,0.67275906
354,414309-16413666-2109,0.047263574,0.49314046
355,414309-16413675-2110,0.8379403,0.8725344
356,414309-16413683-2111,0.13222161,0.68432224
357,414309-16413686-2112,0.1387623,0.68189865
358,414309-16413688-2113,0.12996486,0.69156325
359,414309-16413694-2114,0.1563912,0.67239064
360,414309-16413696-2115,0.15078048,0.6794076
361,414309-16413706-2116,0.16257656,0.67472285
362,414309-16413706-2117,0.07840396,0.6538007
363,414309-16413706-2118,4.487491e-05,0.54849327
364,414309-16413709-2119,0.707644,0.47349918
365,414309-16413713-2120,0.6988481,0.47115642
366,414309-16413716-2121,0.6954719,0.47217914
367,414309-16413724-2122,0.6958562,0.47192165
368,414309-16413729-2123,0.107137196,0.51838225
369,414309-16413731-2124,0.4539443,0.586389
370,414309-16413737-2125,0.16787757,0.67745155
371,414309-16413741-2126,0.10954675,0.51127136
372,414309-16413744-2127,0.7001178,0.47105703
373,823966-30699047-1160,0.25406367,0.555192
374,414310-16413609-2128,0.28978363,0.5175708
375,414310-16413702-2129,0.6236206,0.60282505
376,414310-16413756-2130,0.84041584,0.64382607
377,414310-16413760-2131,0.4396607,0.5549792
378,414310-16413760-2132,0.806091,0.42229298
379,414310-16413781-2133,0.15327404,0.6842172
380,414310-16413782-2134,0.15621206,0.6800838
381,414310-16413783-2135,0.17452122,0.69077545
382,414310-16413784-2136,0.70168376,0.4711059
383,414310-16413785-2137,0.80980384,0.42125636
384,414310-16413785-2138,0.1681744,0.6940293
385,414310-16413788-2139,0.5291326,0.8577309
386,414310-16413790-2140,0.83382887,0.88218826
387,414310-16413791-2141,0.83164644,0.8908227
388,414310-16413792-2142,0.9583565,0.5585338
389,414310-16413792-2143,0.96280456,0.55855924
390,414310-16413796-2144,0.95243406,0.56533545
391,414310-16413797-2145,0.94562864,0.5625579
392,414310-16413798-2146,0.44012845,0.5545645
393,414310-16413799-2147,0.6249504,0.593343
394,414310-16413801-2148,0.9443641,0.56064487
395,414310-16413801-2149,0.94626874,0.5554696
396,414310-16413801-2150,0.9442829,0.56050396
397,414310-16413801-2151,0.9452994,0.5561655
398,414310-16413802-2152,0.9536253,0.559311
399,414310-16413803-2153,0.9440807,0.55758405
400,414310-16413805-2154,0.9436279,0.55873483
401,414310-16413816-2155,0.94908255,0.5543082
402,414310-16413817-2156,0.85925066,0.9111308
403,414310-16413819-2157,0.8352852,0.64536774
404,414310-16413823-2158,0.15680574,0.64971584
405,414310-16413823-2159,0.12692842,0.72584814
406,414310-16413824-2160,0.17982076,0.68319875
407,414310-16413827-2161,0.95735604,0.55238813
408,414310-16413827-2162,0.12693003,0.725847
409,414310-16413828-2163,0.8078185,0.41630957
410,414310-16413828-2164,0.16298814,0.6803422
411,414310-16413829-2165,0.6784351,0.46534514
412,414310-16413829-2166,0.6187618,0.5116611
413,414310-16413830-2167,0.9529258,0.55327404
414,414310-16413830-2168,0.12693103,0.7258449
415,414310-16413830-2169,0.83401453,0.6457436
416,414310-16413832-2170,0.16546887,0.68114245
417,414310-16413850-2171,0.81122804,0.41836035
418,414310-16413850-2172,0.12803788,0.5139802
419,414310-16413851-2173,0.17777327,0.688854
420,414310-16413851-2174,0.1314334,0.52057016
421,414310-16413852-2175,0.17040102,0.6836887
422,414310-16413852-2176,0.1371631,0.53295445
423,414310-16413855-2177,0.44052178,0.55454993
424,414310-16413858-2178,0.84784305,0.90530264
425,414310-16413859-2179,0.14865899,0.6912022
426,414310-16413861-2180,0.87400836,0.91510624
427,414310-16413862-2181,0.8476873,0.86502403
428,414310-16413864-2182,0.6296021,0.9476168
429,414310-16413865-2183,0.12692845,0.7258491
430,414310-16413866-2184,0.15910178,0.6912252
431,414310-16413866-2185,0.16026859,0.68628997
432,414310-16413867-2186,0.13651888,0.6798356
433,414310-16413867-2187,0.1457739,0.6811894
434,414310-16413868-2188,0.12693103,0.72584325
435,414310-16413870-2189,0.81122804,0.41836035
436,414310-16413872-2190,0.95991254,0.5525866
437,414310-16413891-2191,0.7339137,0.62074816
438,414310-16413892-2192,0.7427697,0.6185124
439,414310-16413893-2193,0.74563205,0.6200597
440,414310-16413897-2194,0.1748798,0.5415799
441,414310-16413898-2195,0.70763093,0.4735043
442,414310-16413898-2196,0.70767987,0.47557798
443,414310-16413898-2197,0.6231343,0.50636905
444,414310-16413899-2198,0.8587292,0.8590392
445,414310-16413899-2199,0.90095454,0.5666806
446,414310-16413899-2200,0.48455498,0.7460598
447,414310-16413899-2201,0.5087306,0.7249279
448,414310-16413900-2202,0.50875795,0.72492754
449,414310-16413900-2203,0.8876554,0.5423693
450,414310-16413901-2204,0.87355745,0.55051464
451,414310-16413901-2205,0.8876559,0.5423693
452,414310-16413902-2206,0.48454,0.7460581
453,414310-16413903-2207,0.896909,0.90342396
454,414310-16413904-2208,0.88765156,0.5423697
455,414310-16413905-2209,0.7235479,0.45817855
456,414310-16413905-2210,0.723548,0.45817983
457,414310-16413906-2211,0.86668444,0.5263361
458,414310-16413906-2212,0.86670035,0.52632236
459,414310-16413907-2213,0.84546006,0.54395145
460,414310-16413908-2214,0.86776197,0.525591
461,414310-16413908-2215,0.58021164,0.90229744
462,414310-16413910-2216,0.7921616,0.431148
463,414310-16413911-2217,0.5802308,0.9023221
464,414310-16413912-2218,0.12603128,0.5352292
465,414310-16413912-2219,0.5312135,0.8573064
466,414310-16413912-2220,0.80080545,0.5960099
467,414310-16413913-2221,0.10796197,0.52749956
468,414310-16413913-2222,0.12072842,0.528356
469,414310-16413913-2223,0.8153097,0.57710594
470,414310-16413914-2224,0.5025834,0.75713825
471,414310-16413916-2225,0.520512,0.7403366
472,414310-16413917-2226,0.88769186,0.5423575
473,414310-16413918-2227,0.5025833,0.7571383
474,414310-16413918-2228,0.5522671,0.87870836
475,414310-16413919-2229,0.5974832,0.9072748
476,414310-16413919-2230,0.3076122,0.71244425
477,414310-16413920-2231,0.8103088,0.4209664
478,414310-16413922-2232,0.80079484,0.59600294
479,414310-16413924-2233,0.62483984,0.9489761
480,414310-16413925-2234,0.13572334,0.51611227
481,414310-16413928-2235,0.87227255,0.87735826
482,414310-16413929-2236,0.74399334,0.5671701
483,414310-16413930-2237,0.7367076,0.56486005
484,414310-16413935-2238,0.7364463,0.5984286
485,414310-16413936-2239,0.6431194,0.92282724
486,414310-16413939-2240,0.7535979,0.56126547
487,414310-16413943-2241,0.7483045,0.55898696
488,414310-16413946-2242,0.7483041,0.55898774
489,414310-16413948-2243,0.7476753,0.5578802
490,414310-16413951-2244,0.61563253,0.6029328
491,414310-16413953-2245,0.7483041,0.55898774
492,414310-16413955-2246,0.7483056,0.5589872
493,414310-16413959-2247,0.21817827,0.50688696
494,414310-16413961-2248,0.7749605,0.58689433
495,414310-16413962-2249,0.73311305,0.56183755
496,414310-16413963-2250,0.74246943,0.5647062
497,414310-16413965-2251,0.67049205,0.9366922
498,414310-16413970-2252,0.24854146,0.5134998
499,414310-16413971-2253,0.8123192,0.57668775
500,414310-16413973-2254,0.7412875,0.5602046
501,414310-16413974-2255,0.8220185,0.56137776
502,414310-16413979-2256,0.14467219,0.5239105
503,414310-16413980-2257,0.95479435,0.5530657
504,414310-16413981-2258,0.14719707,0.5196374
505,414310-16413986-2259,0.24650387,0.5087704
506,414310-16413988-2260,0.251284,0.5094651
507,414310-16413990-2261,0.12027145,0.5226502
508,414310-16413992-2262,0.2512864,0.5094668
509,414310-16413994-2263,0.09399284,0.570538
510,414310-16413999-2264,0.2730023,0.53946525
511,414310-16413999-2265,0.23418856,0.6184199
512,414310-16413999-2266,0.267422,0.53888744
513,414310-16414010-2267,0.26879165,0.5016309
514,414310-16414016-2268,0.2475462,0.50744414
515,414310-16414016-2269,0.26579505,0.4992039
516,414310-16414025-2270,0.2971806,0.5010238
517,414310-16414038-2271,0.13904698,0.5209555
518,414310-16414041-2272,0.2992145,0.50110626
519,414310-16414050-2273,0.6601749,0.53596926
520,414310-16414075-2274,0.8388589,0.64413095
521,414310-16414078-2275,0.17854783,0.6611837
522,414310-16414078-2276,0.9394501,0.54165447
523,414310-16414083-2277,0.2180657,0.5060628
524,414310-16414086-2278,0.27059072,0.50351375
525,414310-16414104-2279,0.8085159,0.41649556
526,414310-16414108-2280,0.7326619,0.5614013
527,414310-16414111-2281,0.9476834,0.56361663
528,414310-16414114-2282,0.94842345,0.5639835
529,414310-16414117-2283,0.63054067,0.94640493
530,414310-16414117-2871,0.9523294,0.5654048
531,414310-16414120-2285,0.83166176,0.63975734
532,414310-16414123-2286,0.5802318,0.9023067
533,414310-16414129-2287,0.89103585,0.88104373
534,414310-16414138-2288,0.8025487,0.42219126
535,414310-16414141-2289,0.32192114,0.7222283
536,414310-16414144-2290,0.83188856,0.5511549
537,414310-16414147-2291,0.13799322,0.5272847
538,414310-16414219-2293,0.9569997,0.5597317
539,414310-16414225-2294,0.9573632,0.56582403
540,414310-16414231-2295,0.8105472,0.4175301
541,414310-16414243-2296,0.9627059,0.5652267
542,414310-16414278-2297,0.8020885,0.41641915
543,414310-16414288-2298,0.85464114,0.54209
544,414310-16414291-2299,0.96297735,0.5651639
545,414310-16414294-2300,0.8773555,0.8817471
546,414310-16414297-2301,0.62311244,0.5063759
547,414310-16414303-2302,0.21035464,0.5328895
548,414310-16414311-2303,0.8793851,0.8782849
549,414310-16414311-2304,0.62893254,0.94792795
550,414310-16414311-2305,0.8840353,0.87699664
551,414310-16414314-2306,0.8695215,0.87296623
552,414310-16414317-2307,0.112041496,0.5352642
553,414310-16414325-2308,0.7979306,0.4189577
554,414310-16414348-2309,0.09400251,0.5705314
555,414310-16414387-2310,0.1123512,0.5237157
556,414310-16414396-2311,0.6659097,0.940824
557,414310-16414399-2312,0.6657801,0.94083124
558,414310-16414423-2313,0.8240058,0.93978554
559,414310-16414429-2314,0.8239994,0.9397894
560,414310-16414432-2315,0.8007385,0.59599614
561,414310-16414454-2316,0.21035527,0.5328873
562,414310-16414457-2317,0.1077859,0.5223729
563,414310-16414460-2318,0.15497907,0.6968112
564,414310-16414460-2319,0.8085792,0.42181504
565,414310-16414463-2320,0.11873215,0.5195577
566,414310-16414466-2321,0.10067402,0.51942796
567,414310-16414481-2322,0.111328185,0.5189219
568,414310-16414481-2323,0.08504993,0.52575123
569,414310-16414485-2324,0.09209031,0.52221245
570,414310-16414487-2325,0.094002806,0.5705356
571,414310-16414490-2326,0.08706455,0.5162073
572,414310-16414496-2327,0.09748503,0.51569134
573,414310-16414500-2328,0.1451924,0.5465971
574,414310-16414503-2329,0.86797833,0.8806585
575,414310-16414509-2330,0.094002075,0.5705383
576,414310-16414512-2331,0.088766,0.5285995
577,414310-16414515-2332,0.10310156,0.5145792
578,414310-16414519-2333,0.08163089,0.5226229
579,414310-16414522-2334,0.08067674,0.519194
580,414310-16414522-2335,0.09282246,0.5186818
581,414310-16414534-2336,0.09399047,0.5705372
582,414310-16414534-2337,0.14270343,0.6953075
583,414310-16414537-2338,0.08138969,0.5143336
584,414310-16414545-2339,0.09527897,0.5119564
585,414310-16414645-2340,0.520476,0.7403332
586,414310-16414648-2341,0.16421159,0.68456
587,414310-16414651-2342,0.82021105,0.63998765
588,414310-16414660-2343,0.4753085,0.7501961
589,414310-16414664-2344,0.870916,0.899095
590,414310-16414664-2345,0.88967204,0.9027526
591,414310-16414667-2346,0.5276224,0.76217604
592,414310-16414670-2347,0.6931857,0.4742325
593,414310-16414687-2348,0.80077076,0.59600115
594,414310-16414690-2349,0.5937147,0.96325403
595,414310-16414690-2350,0.6658899,0.9408112
596,414310-16414693-2351,0.15788151,0.689774
597,414310-16414731-2352,0.29459643,0.715421
598,414310-16414734-2353,0.16466129,0.68919474
599,414310-16414739-2354,0.4415859,0.5553193
600,414310-16414745-2355,0.85031873,0.6113195
601,414310-16414751-2356,0.26183686,0.5036811
602,414310-16414754-2357,0.8123176,0.57667476
603,414310-16414806-2358,0.45941374,0.58053786
604,414310-16414812-2359,0.4635058,0.58411926
605,414310-16414815-2360,0.46858436,0.593924
606,414310-16414818-2361,0.4415419,0.5553336
607,414310-16414821-2362,0.46360984,0.58253795
608,414310-16414849-2363,0.45999068,0.5806371
609,414310-16414966-2364,0.86565536,0.8961546
610,414310-16414969-2365,0.8616392,0.8932834
611,414310-16414969-2366,0.86651564,0.8905891
612,414310-16414977-2367,0.8473517,0.65370214
613,414310-16414984-2368,0.13227913,0.5026666
614,414310-16414991-2369,0.88745284,0.89073014
615,414310-16415005-2872,0.77632195,0.8598405
616,414310-16415008-2873,0.7763215,0.85984594
617,414310-16415011-2372,0.7158835,0.5595245
618,414310-16415088-2373,0.18275201,0.5556129
619,486160-20033022-2374,0.25492522,0.5565848
620,486160-20033074-2375,0.8821682,0.578097
621,486160-20033082-2376,0.6231124,0.5063749
622,486160-20033087-2377,0.88252014,0.5783186
623,486160-20033099-2378,0.60927606,0.8883985
624,486209-20035632-2381,0.20494018,0.5632751
625,486209-20035727-2382,0.8844445,0.9007731
626,486209-20035734-2383,0.8778058,0.8974096
627,486209-20035748-2384,0.9640509,0.8117983
628,486209-20035758-2385,0.45826012,0.5865959
629,486209-20035758-2386,0.46382722,0.58278114
630,486209-20035764-2387,0.45825872,0.586596
631,486209-20035764-2388,0.4638266,0.58277905
632,486209-20035767-2389,0.4625712,0.5850537
633,486209-20035769-2390,0.87962246,0.88788664
634,486209-20035777-2391,0.4423957,0.62410164
635,486209-20035787-2392,0.88307744,0.8937685
636,486209-20035789-2393,0.87174106,0.8884586
637,486209-20035789-2394,0.88700527,0.8955062
638,486209-20035792-2395,0.17204002,0.6929953
639,486209-20035841-2396,0.96404403,0.8118007
640,486209-20035843-2397,0.45511252,0.55009645
641,486209-20035860-2398,0.45646486,0.586742
642,486209-20035869-2399,0.16323242,0.636868
643,486209-20035869-2400,0.16323315,0.6368683
644,486209-20035879-2401,0.22249693,0.5877543
645,486234-20037128-2402,0.71734613,0.90897477
646,506983-21071282-2875,0.15032765,0.69705063
647,506983-21071282-2876,0.1568025,0.6497229
648,484577-19991839-2405,0.62122905,0.601543
649,484577-19991841-2406,0.7352403,0.5010392
650,484577-19991842-2407,0.44114283,0.55438536
651,484577-19991842-2408,0.6231373,0.50636923
652,484577-19991861-2409,0.53414464,0.74681765
653,506975-21069564-2410,0.29015502,0.51753145
654,506975-21069916-2411,0.7822212,0.51573485
655,506975-21070087-2412,0.8062598,0.42229417
656,506975-21070098-2413,0.7822212,0.51573485
657,506975-21070115-2414,0.62745357,0.9427624
658,506975-21070125-2415,0.6298643,0.94412035
659,506975-21070132-2416,0.6305446,0.9451556
660,506975-21070188-2417,0.69358367,0.4755024
661,506975-21070209-2418,0.7822212,0.51573485
662,506975-21070213-2419,0.4615713,0.5856172
663,506975-21070213-2420,0.15569614,0.6843843
664,506975-21070213-2421,0.16918586,0.68683493
665,506975-21070213-2422,0.15067361,0.68709236
666,506975-21070228-2423,0.68422234,0.8845378
667,506975-21070232-2424,0.6375042,0.9204295
668,506975-21070258-2425,0.8306972,0.63391453
669,506975-21070298-2426,0.88956356,0.8862974
670,506975-21070301-2427,0.89186245,0.8882204
671,506975-21070307-2428,0.62121695,0.6015416
672,506975-21070307-2429,0.62122506,0.60154223
673,506975-21070310-2430,0.62122536,0.6015351
674,506975-21070315-2431,0.8802983,0.88557214
675,506975-21070315-2432,0.8792707,0.89092696
676,506975-21070318-2433,0.8732755,0.8939228
677,506975-21070321-2434,0.8786967,0.9015109
678,506975-21070321-2435,0.8948073,0.89949185
679,506975-21070324-2436,0.89788705,0.8968032
680,506975-21070324-2437,0.9640556,0.8117983
681,506975-21070327-2438,0.61784035,0.94359505
682,506975-21070341-2439,0.61683613,0.94459474
683,506975-21070367-2440,0.626307,0.942513
684,506975-21070370-2441,0.8938734,0.89440554
685,506975-21070422-2442,0.54793835,0.8763315
686,506975-21070437-2443,0.85463655,0.54209375
687,506975-21070441-2444,0.10054725,0.5111176
688,506975-21070441-2445,0.0853534,0.5111235
689,506975-21070476-2446,0.88709897,0.88102776
690,506975-21070476-2447,0.8239966,0.9397863
691,506975-21070480-2448,0.45308083,0.5810396
692,506975-21070483-2449,0.85330576,0.6055724
693,506975-21070489-2450,0.5025284,0.7571862
694,506975-21070496-2451,0.5025284,0.7571862
695,506975-21070499-2452,0.5025538,0.7572039
696,506975-21070503-2453,0.50255567,0.7572055
697,506975-21070507-2454,0.5025651,0.75719434
698,506975-21070514-2455,0.5025226,0.75717926
699,506975-21070516-2456,0.50252444,0.7571792
700,506975-21070539-2457,0.81263024,0.9379719
701,506975-21070542-2458,0.5389627,0.7654388
702,506975-21070556-2459,0.46262938,0.5815906
703,506975-21070599-2460,0.4846622,0.7460355
704,506975-21070601-2461,0.5049413,0.76660466
705,506975-21070604-2462,0.44618133,0.7042901
706,506975-21070604-2463,0.48729345,0.8720605
707,506975-21070604-2464,0.32837057,0.7060311
708,506975-21070604-2465,0.32837063,0.7060311
709,506975-21070604-2466,0.32837063,0.7060311
710,506975-21070604-2467,0.4461814,0.7042901
711,506975-21070604-2468,0.44619513,0.70429385
712,506975-21070604-2469,0.8672457,0.43064785
713,506975-21070604-2470,0.44619513,0.70429385
714,506975-21070604-2471,0.8673214,0.43063682
715,506975-21070604-2472,0.86978924,0.43192297
716,506975-21070604-2473,0.8672917,0.43061727
717,506975-21070604-2474,0.8672917,0.43061727
718,506975-21070604-2475,0.86771774,0.4306728
719,506975-21070604-2476,0.8675207,0.43064588
720,506975-21070609-2477,0.8503335,0.6113052
721,506975-21070639-2478,0.80078924,0.59596324
722,506975-21070647-2479,0.79920703,0.5281147
723,506975-21070650-2480,0.54750174,0.9303443
724,506975-21070653-2481,0.32193318,0.722229
725,506975-21070659-2482,0.7400752,0.49820942
726,506975-21070661-2483,0.22408721,0.58353615
727,506975-21070664-2484,0.5937777,0.9632295
728,506975-21070666-2485,0.77461064,0.5163314
729,506975-21070669-2486,0.10437026,0.53388506
730,506975-21070671-2487,0.74127203,0.48622882
731,506975-21070674-2488,0.4528007,0.5860963
732,506975-21070677-2489,0.5475018,0.9303382
733,506975-21070680-2490,0.31329823,0.723155
734,506975-21070682-2491,0.24649392,0.54043937
735,506975-21070688-2492,0.42504215,0.9961266
736,506975-21070688-2493,0.8760502,0.62930804
737,506975-21070688-2494,0.8760479,0.6293096
738,506975-21070690-2495,0.5937842,0.96323425
739,506975-21070693-2496,1.7092061e-05,0.548473
740,506975-21070693-2497,1.0690787e-05,0.5484729
741,506975-21070693-2498,1.181266e-05,0.54847294
742,506975-21070693-2499,0.078416064,0.6538404
743,506975-21070693-2500,0.078392506,0.6538067
744,506975-21070693-2501,5.939326e-07,0.54847324
745,506975-21070695-2502,0.69322217,0.47426942
746,506975-21070695-2503,0.6932713,0.47405005
747,506975-21070698-2504,1.1086742e-05,0.54848015
748,506975-21070698-2505,1.3792435e-05,0.54847956
749,506975-21070698-2506,0.07839089,0.6538067
750,506975-21070698-2507,0.078390926,0.65380657
751,506975-21070698-2508,0.810035,0.6027446
752,506975-21070701-2509,0.116401196,0.5261534
753,506975-21070703-2510,0.10076176,0.5229336
754,506975-21070712-2511,0.4903676,0.7676408
755,506975-21070714-2512,0.120742545,0.53102195
756,506975-21070714-2513,0.80074733,0.5959659
757,506975-21070723-2514,0.8067603,0.41615358
758,506975-21070726-2515,0.44606394,0.7042507
759,506975-21070726-2516,0.44618136,0.70428944
760,506975-21070726-2517,0.32834747,0.70602745
761,506975-21070726-2518,0.32835075,0.7060315
762,506975-21070726-2519,0.32834908,0.706031
763,506975-21070726-2520,0.44618136,0.70428944
764,506975-21070726-2521,0.44618127,0.704288
765,506975-21070726-2522,0.86604244,0.432215
766,506975-21070726-2523,0.86613697,0.43227327
767,506975-21070726-2524,0.8659617,0.43222705
768,506975-21070726-2525,0.865882,0.4322023
769,506975-21070726-2526,0.8660847,0.43225643
770,506975-21070726-2527,0.8653804,0.43172058
771,506975-21070726-2528,0.8687537,0.43177828
772,506975-21070726-2529,0.8676004,0.43231928
773,506975-21070730-2530,0.6954824,0.47696045
774,506975-21070736-2531,2.6726968e-05,0.5484798
775,506975-21070736-2532,4.5336856e-05,0.5484929
776,506975-21070736-2533,0.4461747,0.70428437
777,506975-21070736-2534,0.44618523,0.70427054
778,506975-21070744-2535,0.11131195,0.53030825
779,506975-21070744-2536,0.04726308,0.49314234
780,506975-21070751-2537,0.5378135,0.9472955
781,506975-21070755-2538,0.5288291,0.94939315
782,506975-21070864-2539,0.20507893,0.5340331
783,506975-21070872-2540,0.32678133,0.72552025
784,506975-21070883-2541,0.8123499,0.5766848
785,506975-21070901-2542,0.2240728,0.5835238
786,506975-21070940-2543,0.7822212,0.51573235
787,506975-21070945-2544,0.24649675,0.5404401
788,506975-21070948-2545,0.6234297,0.94892335
789,506975-21070964-2546,0.6230192,0.9488989
790,506975-21070993-2547,0.48659408,0.75905937
791,506975-21071003-2548,0.5025452,0.7571245
792,506975-21071008-2549,0.9640321,0.81179893
793,506975-21071011-2550,0.4395884,0.5552651
794,506201-21001818-2551,0.047261793,0.49314082
795,506201-21001845-2552,0.81417906,0.85899967
796,506201-21001848-2553,0.712311,0.95242476
797,520031-22139965-2554,0.4252729,0.7310889
798,520031-22139968-2555,0.9009782,0.56668353
799,520031-22139970-2556,0.7779521,0.618425
800,520031-22139971-2557,0.77829736,0.61904466
801,520031-22139971-2558,0.09952285,0.5335557
802,520031-22139973-2560,0.47963935,0.5941116
803,520031-22139975-2561,0.6037129,0.894493
804,520031-22139985-2563,0.6848879,0.88529754
805,484578-19989138-2708,0.7550788,0.6361497
806,484578-19989141-2709,2.1843522e-05,0.5484832
807,484578-19989141-2710,2.5935058e-05,0.5484831
808,484578-19989142-2711,0.09289205,0.5310861
809,484578-19989144-2712,0.7726489,0.62465286
810,484578-19989164-2713,0.13452461,0.6617692
811,484578-19989166-2714,0.14375648,0.6875694
812,484578-19989198-2715,0.4278753,0.5918848
813,484578-19989198-2716,0.42787573,0.59188366
814,484578-19989199-2717,0.078391746,0.6538041
815,484578-19989199-2718,0.07839518,0.6538038
816,484578-19989200-2719,0.14871413,0.6726359
817,484578-19989203-2720,0.10761931,0.48083138
818,484578-19989204-2721,0.12480514,0.68174666
819,484578-19989207-2722,0.29693398,0.70923907
820,484578-19989207-2723,0.11177228,0.50652295
821,484578-19989208-2724,0.81169695,0.59425277
822,484578-19989211-2725,0.1076362,0.48083144
823,484578-19989212-2726,0.11738066,0.50601566
824,484578-19989214-2727,0.09888348,0.50628114
825,484578-19989222-2728,0.89585423,0.8913849
826,484578-19989228-3345,0.43995306,0.5552859
827,484578-19989249-2730,0.82028437,0.6406622
828,484578-19989249-2731,0.12693241,0.72587925
829,511216-21469100-2732,0.8861475,0.58116895
830,511216-21469225-2733,0.13593148,0.6947688
831,498011-20452366-2734,0.42278484,0.7270576
832,520488-22176305-2735,0.69913745,0.6076805
833,520488-22176316-2736,0.8975894,0.8867908
834,520488-22176329-2737,0.63939553,0.8696102
835,546648-22866237-2740,0.14379627,0.69640094
836,546648-22866243-2741,0.10069101,0.50254935
837,546648-22866251-2742,0.90560496,0.89729464
838,546648-22866637-2743,0.8974743,0.86716175
839,546648-22866711-2744,0.8997648,0.88145435
840,546648-22866719-2745,0.9029446,0.89274466
841,516375-21904749-2746,0.84780574,0.6706391
842,414313-16415080-2877,0.114252016,0.50044245
843,414313-16415083-2878,0.10646463,0.5074796
844,414313-16415089-2879,0.12670387,0.5002799
845,414313-16415096-2880,0.12525241,0.5063706
846,987264-38205192-2881,0.7192852,0.9099913
847,987264-38205193-2882,0.56900823,0.75444025
848,987264-38205207-2883,0.13154013,0.6759932
849,987264-38205208-2884,0.08768956,0.50820065
850,987264-38205211-2885,0.5399908,0.8590793
851,987264-38205217-2886,0.59878856,0.8664363
852,987264-38205222-2887,0.83170515,0.55793494
853,987264-38205223-2888,0.838101,0.5870464
854,987264-38205225-2889,0.83809954,0.58704555
855,987264-38205229-2890,0.56901115,0.75444055
856,987264-38205232-2891,0.6817595,0.4830718
857,987264-38205239-2892,0.5071895,0.85526246
858,987264-38205241-2893,0.56901306,0.75443935
859,987264-38205243-2894,0.63940257,0.8695969
860,491023-20157859-2897,0.28690425,0.716778
861,491023-20157866-2898,0.58020794,0.9023162
862,498505-20615818-2900,0.75508183,0.63615036
863,498505-20615819-2901,0.77452564,0.6255871
864,498505-20615820-2902,0.54995424,0.7649744
865,498505-20615820-2903,0.7781291,0.89409167
866,498505-20616394-2908,0.6095198,0.90888536
867,498505-20616397-2909,0.8239997,0.9397851
868,505171-20919132-2911,0.7198362,0.6266751
869,505171-20919149-2912,0.6368851,0.65114987
870,505171-20919156-2913,0.55838406,0.7420453
871,498584-20618698-2914,0.7420174,0.8153175
872,498584-20618709-2915,0.74751824,0.8119386
873,546646-22856383-2916,0.8739057,0.8122158
874,546646-22856383-2917,0.90034205,0.8836373
875,546646-22856383-2918,0.5386263,0.7259347
876,546646-22856385-2919,0.5386265,0.7259348
877,546646-22856391-2920,0.94630784,0.53400695
878,546646-22856391-2921,0.5386263,0.7259347
879,546646-22856393-2922,0.9463073,0.5340071
880,546646-22856397-2923,0.87389797,0.8122166
881,546646-22856399-2924,0.5386272,0.72593457
882,546646-22856399-2925,0.8656208,0.8236949
883,546646-22856401-2926,0.5087297,0.7249307
884,546646-22856401-2927,0.8656206,0.82369554
885,546646-22856405-2928,0.5386296,0.7259333
886,546646-22856407-2929,0.86562186,0.8236868
887,506981-21068286-2930,0.7623009,0.80452424
888,498062-20496743-2932,0.78082216,0.8019364
889,498019-20456796-2933,0.5437583,0.92751735
890,508689-21229170-3330,0.16411906,0.6364308
891,508689-21230558-2942,0.18819307,0.5077249
892,506812-21049120-2948,0.7466615,0.63886887
893,506812-21049229-2950,0.7381905,0.81809926
894,987208-38201621-3354,0.701629,0.59458375
895,507618-21122504-2951,0.8794672,0.57438666
896,507618-21122510-2952,0.6661187,0.8855035
897,494134-20255162-2954,0.21085344,0.6338462
898,494134-20255191-2955,0.22416021,0.62728494
899,494134-20255197-2956,0.23295505,0.6224019
900,494134-20255202-2957,0.232951,0.62240237
901,494134-20255451-2958,0.24129157,0.62762445
902,494134-20255473-2959,0.28445244,0.45311376
903,494134-20255473-2960,0.2844563,0.45310915
904,494134-20255540-2961,0.24129122,0.62762535
905,494134-20255643-2962,0.28443947,0.46538454
906,494134-20255654-2963,0.29054627,0.46088535
907,494134-20255654-2964,0.2957004,0.45656052
908,494134-20255665-2965,0.29542717,0.46214545
909,494134-20255671-2966,0.30642906,0.4622661
910,494134-20255676-2967,0.3064367,0.4622135
911,494134-20255687-2968,0.31260225,0.46752265
912,494134-20255698-2969,0.28793263,0.45918012
913,494134-20255753-2970,0.30639777,0.46225426
914,494134-20255757-2971,0.30639774,0.46225426
915,494134-20255763-2972,0.30639774,0.46225423
916,494134-20255774-2973,0.29121697,0.4594096
917,494134-20255785-2974,0.2909051,0.46473256
918,494134-20255795-2975,0.30067936,0.47073156
919,494134-20255808-2976,0.3063966,0.4622535
920,494134-20255826-2977,0.31682026,0.46394762
921,494134-20255857-2978,0.30643645,0.46221402
922,494134-20255861-2979,0.2724485,0.49816328
923,494134-20255872-2980,0.27244443,0.4981705
924,494134-20255882-2981,0.312719,0.45807034
925,494134-20255882-2982,0.31272855,0.458072
926,494134-20255894-2983,0.30643216,0.46222043
927,494134-20255904-2984,0.3071835,0.45199183
928,494134-20255904-2985,0.30718103,0.45199496
929,494134-20255920-2986,0.30643216,0.46222043
930,494134-20255932-2987,0.30639502,0.46226063
931,508525-21206733-2988,0.68677115,0.872481
932,508525-21206739-2989,0.6867719,0.8724817
933,508525-21206752-2990,0.7142817,0.8755259
934,506916-21061265-2991,0.5204933,0.7403305
935,506916-21061282-2994,0.62162465,0.9422916
936,506916-21061285-2995,0.5025627,0.75712204
937,506916-21061288-2996,0.50258136,0.7571249
938,506916-21061310-2997,0.61748534,0.9469452
939,506916-21061311-2998,0.9043922,0.8848473
940,506916-21061315-2999,0.86561173,0.82368505
941,506916-21061340-3001,0.77169126,0.5825858
942,506916-21061344-3002,0.904026,0.88997364
943,511234-21468902-3003,0.28337085,0.45186165
944,494250-20262046-3004,0.5366604,0.8643743
945,513179-21646155-3009,0.84780407,0.6706413
946,513179-21646170-3010,0.9085865,0.8872455
947,513179-21646178-3011,0.8112954,0.8020451
948,513179-21646185-3012,0.81129545,0.80204284
949,513179-21646203-3013,0.847805,0.6706455
950,513179-21646234-3014,0.8224945,0.64329636
951,513179-21646242-3015,0.82170904,0.64276403
952,499864-20745362-3018,0.8321905,0.55854
953,499864-20745364-3020,0.8321858,0.5585452
954,499864-20745366-3021,0.55619144,0.7519293
955,499864-20745368-3022,0.59879124,0.86644393
956,508597-21217994-3023,0.48199823,0.99412656
957,508597-21217994-3024,0.4834735,0.99353075
958,508597-21217994-3025,0.480508,0.9949875
959,508597-21217994-3026,0.48376504,0.9934682
960,508597-21218113-3027,0.76859426,0.5825453
961,506984-21068608-3028,0.7930538,0.54035383
962,494079-20251914-3029,0.5205193,0.7403331
963,494079-20251916-3030,0.79814,0.41838554
964,494079-20251916-3031,0.9574066,0.56575507
965,494079-20251917-3032,0.5076916,0.7196467
966,494079-20251918-3033,0.7618232,0.47879297
967,494079-20251918-3034,0.60968286,0.29894513
968,494079-20251918-3035,0.76184636,0.47877946
969,494079-20251918-3036,0.7618503,0.47877264
970,494079-20251919-3037,0.47020635,0.70897824
971,494079-20251919-3038,0.9500071,0.55403966
972,494079-20251920-3039,0.96430403,0.55331063
973,494079-20251920-3040,0.9583111,0.5604428
974,494079-20251921-3041,0.675644,0.4639235
975,494079-20251921-3042,0.7990048,0.42093864
976,494079-20251922-3043,0.7990821,0.4209758
977,494079-20251923-3044,0.12032138,0.50176036
978,494079-20251923-3045,0.9677855,0.55488247
979,494079-20251924-3046,0.12793252,0.5190999
980,494079-20251926-3047,0.797201,0.40788013
981,494079-20251927-3048,0.7992317,0.4173749
982,494079-20251927-3049,0.811391,0.41951272
983,512990-21616662-3050,0.813145,0.85920364
984,512990-21616666-3051,0.8131539,0.8591898
985,494141-20258271-3052,0.53952616,0.8586318
986,494275-20270628-3053,0.9652108,0.56384116
987,494275-20270630-3054,0.81125915,0.5712414
988,494275-20271318-3056,0.15758234,0.56407964
989,514967-21828276-3321,0.5911703,0.96854585
990,514967-21828278-3322,0.62537694,0.9756789
991,527487-22394242-3066,0.69999623,0.59354365
992,511334-21487263-3068,0.7071573,0.6054697
993,520610-22191979-3069,0.19628991,0.5597876
994,507621-21122201-3070,0.8239943,0.93978816
995,508554-21210932-3323,0.6373913,0.9204811
996,498397-20614547-3324,0.6216246,0.94224244
997,498397-20614586-3073,0.77793485,0.6184317
998,497988-20451791-3074,0.53896123,0.7654275
999,497988-20451791-3075,0.84684294,0.56478786
1000,497988-20451889-3076,0.5471959,0.73695445
1001,506982-21069379-3331,0.78071845,0.79866487
1002,513170-21644908-3079,0.49377975,0.7870028
1003,513170-21644908-3080,0.49326453,0.7871165
1004,513170-21644908-3081,0.49327388,0.78711677
1005,506978-21068088-3086,0.81232446,0.57667625
1006,506978-21068118-3087,0.59375775,0.963252
1007,506978-21068192-3088,0.77812546,0.8940816
1008,498101-20507741-3089,0.53145605,0.85737646
1009,498101-20507741-3090,0.79317814,0.9107915
1010,498101-20507741-3091,0.7931805,0.91079456
1011,498101-20507761-3092,0.53439975,0.85725737
1012,498101-20507782-3093,0.8178987,0.8787492
1013,498101-20507805-3094,0.53559124,0.85742724
1014,498101-20507828-3095,0.71453995,0.95234054
1015,498101-20507867-3096,0.52627635,0.8590139
1016,498101-20507896-3097,0.96416485,0.81172526
1017,498101-20507914-3098,0.9641556,0.811728
1018,498101-20508017-3099,0.78459156,0.8928675
1019,513262-21661392-3100,0.7219404,0.91295296
1020,513262-21661403-3101,0.29251033,0.4825773
1021,557656-23012421-3102,0.4710658,0.94783175
1022,557656-23012421-3103,0.73750633,0.68106234
1023,557656-23012421-3104,0.73893887,0.6803828
1024,557656-23012718-3105,0.617835,0.94353235
1025,557656-23012726-3106,0.5805791,0.7290933
1026,557656-23012729-3107,0.9051478,0.8793263
1027,511348-21488571-3108,0.89978987,0.87480325
1028,507616-21121885-3109,0.5408241,0.86191446
1029,507616-21121930-3110,0.8112954,0.80204284
1030,507616-21121930-3111,0.9641473,0.8117308
1031,499883-20747570-3112,0.4549408,0.5865851
1032,499883-20747606-3113,0.46921098,0.7518252
1033,527463-22391622-3115,0.528465,0.8644084
1034,508544-21210762-3116,0.70671767,0.6065456
1035,522751-22256671-3117,0.91150695,0.8850378
1036,522751-22256671-3118,0.89827585,0.87788475
1037,500667-20791200-3119,0.52848816,0.76108706
1038,500667-20791200-3120,0.6430886,0.88002574
1039,506911-21059640-3121,0.5250561,0.8620279
1040,506911-21059645-3122,0.52677023,0.85860175
1041,508538-21207641-3123,0.61701494,0.9465806
1042,508538-21207645-3124,0.9083376,0.87581414
1043,508538-21207654-3125,0.5950767,0.9680946
1044,508538-21207659-3126,0.62223697,0.9741731
1045,508538-21207680-3127,0.5035495,0.9179046
1046,508538-21207683-3128,0.9719357,0.8057238
1047,506977-21067868-3129,0.71149296,0.6040641
1048,507818-21132399-3130,0.5523821,0.76557744
1049,507818-21132401-3131,0.66612023,0.8854929
1050,507818-21132409-3132,0.5801776,0.90229076
1051,511354-21488728-3135,0.20650987,0.6362954
1052,511354-21488762-3136,0.8344806,0.6431767
1053,511354-21488787-3137,0.9341578,0.8796516
1054,511354-21488795-3138,0.919657,0.8720282
1055,511354-21488810-3139,0.9111909,0.8679803
1056,511354-21488812-3140,0.9259392,0.8721903
1057,511354-21488831-3141,0.9158155,0.8757172
1058,511354-21488850-3142,0.91619414,0.8691882
1059,511354-21488877-3143,0.7574011,0.8070574
1060,504912-20896611-3144,0.53691643,0.85770196
1061,484569-19988623-3149,0.75025517,0.878592
1062,484569-19988672-3152,0.9427697,0.9259968
1063,484569-19988676-3153,0.7813294,0.87341535
1064,484569-19988697-3154,0.9249834,0.89167845
1065,484569-19988700-3155,0.7397072,0.6301412
1066,484569-19988713-3156,0.9188287,0.889471
1067,484569-19988728-3157,0.9678841,0.8871107
1068,484569-19988731-3158,0.93699616,0.80529505
1069,484569-19988747-3161,0.9642033,0.8117185
1070,484569-19988748-3162,0.96420443,0.8117172
1071,484569-19988749-3163,0.964132,0.8117505
1072,484569-19988753-3164,0.7368621,0.89721787
1073,484569-19988755-3165,0.7248206,0.89582515
1074,484569-19988763-3166,0.8239998,0.9397891
1075,484569-19988765-3167,0.9434877,0.86185545
1076,484569-19988766-3168,0.95513576,0.90429646
1077,484569-19988768-3169,0.5011595,0.9179043
1078,484569-19988769-3170,0.7142812,0.8755198
1079,484569-19988770-3171,0.7143722,0.876935
1080,484569-19988771-3172,0.7311284,0.87147313
1081,484569-19988775-3173,0.920006,0.91342485
1082,484569-19988778-3174,0.9427744,0.92599475
1083,484569-19988779-3175,0.9265656,0.8570344
1084,484569-19988780-3176,0.7142887,0.8755244
1085,484569-19988882-3194,0.72779447,0.6268947
1086,512980-21611484-3313,0.86349213,0.9388298
1087,498493-20615305-3195,0.82703954,0.80730677
1088,498493-20615305-3196,0.94216484,0.8112215
1089,498493-20615308-3197,0.64317876,0.8800161
1090,498493-20615309-3198,0.66611564,0.885503
1091,498493-20615310-3199,0.7916005,0.52064615
1092,498493-20615311-3200,0.7503397,0.87862825
1093,498493-20615316-3201,0.50763494,0.91821307
1094,514776-21825412-3202,0.9597457,0.8952034
1095,506980-21069432-3203,0.54060614,0.85948527
1096,499423-20673161-3317,0.7217309,0.89556885
1097,516693-21924156-3204,0.83598614,0.9388391
1098,516693-21924174-3205,0.95599025,0.86881155
1099,516693-21924178-3206,0.62973356,0.94403493
1100,499812-20735558-3316,0.72512215,0.88265383
1101,507617-21125458-3315,0.71884686,0.8995873
1102,494032-20248504-3207,0.45902175,0.5805233
1103,494032-20248504-3208,0.4791218,0.58941025
1104,516931-21942241-3325,0.6689685,0.9487233
1105,516931-21942251-3326,0.93894655,0.90860707
1106,516931-21942258-3327,0.9632987,0.87750095
1107,519242-22116166-3210,0.62660956,0.91804326
1108,519242-22116168-3211,0.96399105,0.8118146
1109,519242-22116173-3212,0.89038813,0.91504824
1110,498148-20557154-3213,0.64315724,0.8800108
1111,498259-20593813-3215,0.91093093,0.8803263
1112,508656-21226554-3216,0.442895,0.6216984
1113,508755-21238401-3242,0.9071595,0.87258446
1114,508755-21238407-3243,0.9032935,0.8675285
1115,508755-21238410-3244,0.83219045,0.55853826
1116,508755-21238414-3245,0.8980532,0.87215763
1117,508755-21238422-3246,0.49998024,0.9282375
1118,508755-21238489-3249,0.52853787,0.86444175
1119,498026-20459087-3251,0.6374902,0.92040074
1120,498026-20459191-3252,0.6661229,0.8855008
1121,508757-21239327-3253,0.9640953,0.81176424
1122,508757-21239362-3254,0.9125448,0.890816
1123,508757-21239398-3255,0.96415555,0.811729
1124,520087-22148432-3256,0.42449266,0.548712
1125,520087-22148434-3257,0.720187,0.9114946
1126,506985-21069557-3259,0.7813303,0.87342346
1127,506985-21069568-3260,0.6296762,0.9474817
1128,506985-21069574-3261,0.5192989,0.9329253
1129,506985-21069579-3262,0.5085003,0.93094814
1130,506985-21069602-3263,0.6187395,0.9477855
1131,506985-21069606-3264,0.7998001,0.65871024
1132,506985-21069618-3265,0.5801781,0.9022921
1133,506985-21069634-3266,0.6166379,0.9453482
1134,506985-21069872-3267,0.9090404,0.89373994
1135,506985-21069877-3268,0.6190508,0.94797736
1136,506985-21069891-3269,0.5988303,0.8664439
1137,506985-21069902-3270,0.91628224,0.88069826
1138,557655-23011448-3342,0.28543445,0.71997464
1139,557655-23011476-3318,0.6263194,0.9488407
1140,557655-23011486-3319,0.5801805,0.90229917
1141,557655-23011492-3320,0.7962731,0.52347976
1142,511332-21485860-3271,0.26775062,0.4489576
1143,500662-20790748-3328,0.41999286,0.5558294
1144,499878-20746289-3273,0.18210374,0.55293846
1145,506279-21007707-3279,0.93345606,0.8885149
1146,506279-21007709-3280,0.93685216,0.88639027
1147,506279-21007710-3281,0.9252987,0.8974024
1148,506279-21007712-3282,0.92446697,0.886202
1149,506279-21007714-3283,0.79979515,0.65870965
1150,506279-21007714-3284,0.8428393,0.64239174
1151,506279-21007715-3285,0.7997545,0.65870035
1152,506279-21007716-3286,0.6811687,0.0
1153,506279-21007722-3287,0.5205505,0.74034125
1154,506279-21007724-3288,0.8111382,0.8019993
1155,506279-21007725-3289,0.81114316,0.80199945
1156,506279-21007726-3290,0.9202095,0.880109
1157,506279-21007728-3291,0.96669734,0.5541933
1158,508707-21235204-3294,0.9181123,0.8858937
1159,508707-21235222-3295,0.9257642,0.87709093
1160,506979-21068985-3296,0.9262241,0.88294023
1161,499835-20740673-3329,0.639409,0.86961937
1162,527434-22390575-3306,0.29698932,0.70919824
1163,527434-22390579-3307,0.5087215,0.7249289
1164,527434-22390705-3308,0.63940597,0.8696203
1165,527434-22390714-3309,0.5087302,0.72491854
1166,527434-22390727-3310,0.5087149,0.7249214
1167,527434-22390758-3311,0.5370968,0.86427546
1168,513043-21680622-3314,0.8635101,0.93882835
1169,499412-20672748-3358,0.7185032,0.9032803
1170,500659-20790333-3355,0.72611046,0.882347
1171,534946-22589335-3356,0.93193567,0.87561613
1172,534946-22589330-3357,0.75331366,0.62839866
1173,558361-23024939-3353,0.6867726,0.8724796
