,id,x,y
0,414314-16412929-1,0.0152225625,0.36861587
1,414314-16412931-2,0.63183224,0.80427426
2,414314-16412931-3,0.63825184,0.75519866
3,414314-16412935-4,0.63653696,0.8075328
4,414314-16412935-5,0.6371671,0.8091777
5,414314-16412935-6,0.6371648,0.8091774
6,414314-16412937-7,0.63703454,0.8071376
7,414314-16412938-8,0.62952733,0.72876745
8,414314-16412943-9,0.6283715,0.74236876
9,414314-16412945-10,0.62597394,0.74600226
10,414314-16412947-11,0.66028947,0.7187753
11,414314-16412949-12,0.6582482,0.71865183
12,414314-16412951-13,0.6602955,0.7187748
13,414105-16373250-19,0.67574483,0.58690023
14,414105-16373338-20,0.48578823,0.20339109
15,414105-16373348-21,0.5485886,0.3518042
16,414105-16373407-22,0.4614994,0.85465556
17,414105-16373473-23,0.6985507,0.21100846
18,414105-16373498-24,0.46150297,0.8546541
19,414105-16373501-25,0.4615034,0.8546545
20,414105-16373537-26,0.22126947,0.44127426
21,414105-16373544-27,0.22127074,0.44127408
22,414105-16373544-28,0.22278738,0.43527156
23,414105-16373545-29,0.22126955,0.44127443
24,414105-16373551-30,0.09917542,0.37767908
25,414105-16373558-31,0.5210004,0.4147062
26,414105-16373561-32,0.47338164,0.3596874
27,414105-16373573-33,0.32806814,0.66761374
28,414105-16373577-34,0.47289068,0.35895053
29,414105-16373577-35,0.64389557,0.1603081
30,414105-16373581-36,0.46262452,0.20003155
31,414105-16373588-38,0.59902245,0.65665525
32,414105-16373592-39,0.59902245,0.65665525
33,414105-16373600-40,0.46017784,0.33156493
34,414105-16373610-41,0.53740525,0.40745312
35,414105-16373618-42,0.47263968,0.35979897
36,414105-16373621-43,0.5486415,0.35182217
37,414105-16373626-44,0.4679817,0.36085376
38,414105-16373637-45,0.46015808,0.33156854
39,414105-16373639-46,0.3280714,0.6676152
40,414105-16373676-47,0.031275548,0.6204102
41,414105-16373680-48,0.48011315,0.37714478
42,414105-16373683-49,0.48067668,0.3757888
43,414105-16373683-50,0.4789472,0.36244923
44,414105-16373685-51,0.13631475,0.3633483
45,414105-16373696-53,0.4861675,0.19970042
46,414105-16373698-54,0.48754978,0.19695468
47,414105-16373698-55,0.78500706,0.6839304
48,414105-16373704-56,0.46262527,0.2000188
49,414105-16373705-57,0.23514134,0.46434188
50,414105-16373709-58,0.47537908,0.3813959
51,414105-16373713-59,0.7842346,0.676932
52,414105-16373713-60,0.33454725,0.6829973
53,414105-16373714-61,0.47307512,0.37095243
54,414105-16373719-62,0.46912932,0.41042212
55,414105-16373722-63,0.03083169,0.61634237
56,414105-16373723-64,0.020578336,0.6559677
57,414105-16373723-65,0.020578733,0.6559672
58,414105-16373725-66,0.2458976,0.46776098
59,414105-16373725-67,0.24590966,0.4677631
60,414105-16373737-68,0.70702,0.731041
61,414105-16373756-69,0.020885779,0.49542555
62,414105-16373756-70,0.02087634,0.49542543
63,414105-16373764-71,0.23513381,0.46435237
64,414105-16373769-72,0.61752754,0.041790426
65,414105-16373787-73,0.49038637,0.19336243
66,414105-16373788-74,0.48883075,0.19442357
67,414105-16373788-75,0.082863,0.3805091
68,414105-16373793-76,0.08852379,0.376435
69,414105-16373793-77,0.49420404,0.19098704
70,414105-16373796-78,0.4855493,0.16338564
71,414105-16373797-79,0.03056619,0.61770654
72,414105-16373807-80,0.36120814,0.6769946
73,414105-16373810-81,0.47769502,0.3621258
74,414105-16373815-82,0.57695365,0.23286307
75,414105-16373835-83,0.6393008,0.30374625
76,414105-16373839-84,0.6287676,0.2955633
77,414105-16373847-85,0.29692906,0.7147466
78,414105-16373872-86,0.48555863,0.16339782
79,414105-16373876-87,0.6268295,0.3031964
80,414105-16373885-88,0.11126169,0.3812124
81,414105-16373886-89,0.018235436,0.60518783
82,414105-16373886-90,0.03211426,0.6134182
83,414105-16373892-91,0.48129588,0.37357154
84,414105-16373894-92,0.5209977,0.41470745
85,414105-16373895-93,0.6428263,0.30088666
86,414105-16373903-94,0.49542928,0.19126897
87,414105-16373912-95,0.49350107,0.4814053
88,414105-16373913-96,0.03203439,0.61359787
89,414105-16373914-97,0.033924125,0.61119133
90,414105-16373925-98,0.1371746,0.760139
91,414105-16373929-99,0.30303907,0.69168895
92,414105-16373936-100,0.69854206,0.2110241
93,414105-16373947-101,0.04069535,0.6132735
94,414105-16373994-102,0.4812474,0.36801
95,414105-16373997-103,0.46611658,0.3630556
96,414105-16374000-104,0.4813604,0.36931038
97,414105-16374017-105,0.46868786,0.36012578
98,414105-16374019-106,0.47295326,0.3707208
99,414105-16374035-107,0.10372446,0.38253424
100,414105-16374042-108,0.09222349,0.3843015
101,414105-16374043-109,0.087369874,0.38962594
102,414105-16374043-110,0.09583927,0.38881955
103,414312-16412845-616,0.04986328,0.7270051
104,414312-16412864-617,0.06078392,0.56584555
105,414312-16412870-618,0.060983617,0.5666948
106,414312-16412886-619,0.6767393,0.7738235
107,414312-16412887-620,0.6767427,0.77382404
108,414312-16412889-621,0.6770247,0.7739236
109,414312-16412890-622,0.63392574,0.74603695
110,414312-16412969-623,0.060182128,0.5702946
111,414312-16412974-624,0.058155715,0.57241267
112,414312-16412980-625,0.46419093,0.25351074
113,414312-16412982-626,0.4012823,0.6817934
114,484844-19997757-627,0.6509122,0.28058136
115,484844-19997777-628,0.6026467,0.25384706
116,484844-19997783-629,0.14637151,0.9046909
117,484844-19997783-630,0.14281079,0.90760326
118,484844-19997783-631,0.14376864,0.9074321
119,484844-19997783-632,0.13645428,0.9026305
120,484844-19997783-633,0.1463728,0.9046898
121,484844-19997783-634,0.14006941,0.9069955
122,484844-19997783-635,0.14642254,0.90462637
123,484844-19997783-636,0.123944454,0.9257423
124,484844-19997783-637,0.13643557,0.9026061
125,484844-19997783-638,0.13645431,0.9026305
126,484844-19997783-639,0.14032464,0.90714544
127,484844-19997783-640,0.13818225,0.905648
128,484844-19997792-641,0.023463486,0.5206958
129,484844-19997792-642,0.16057143,0.84128255
130,484844-19997792-643,0.16057706,0.8412968
131,484844-19997792-644,0.45909432,0.7966476
132,484844-19997792-645,0.16056867,0.84128577
133,484844-19997792-646,0.5057045,0.7799037
134,484844-19997792-647,0.45908806,0.79664695
135,484844-19997792-648,0.16056451,0.8413057
136,484844-19997792-649,0.16066985,0.8412638
137,484844-19997792-650,0.16058995,0.8412787
138,484844-19997792-651,0.39356193,0.75568026
139,484844-19997792-652,0.39354813,0.755679
140,484844-19997792-653,0.1606053,0.8412528
141,484844-19997792-654,0.45908466,0.79664344
142,484844-19997792-655,0.16060199,0.8412454
143,484844-19997792-656,0.45908457,0.79664326
144,484844-19997792-657,0.18881695,0.85776556
145,484844-19997792-658,0.3935495,0.7556779
146,484844-19997792-659,0.5056472,0.7799025
147,484844-19997792-660,0.5152365,0.77974325
148,484844-19997792-661,0.45908964,0.7966407
149,484844-19997792-662,0.5184547,0.78320336
150,484844-19997808-663,0.11431419,0.86618805
151,484844-19997808-664,0.13568689,0.8968582
152,484844-19997808-665,0.13568689,0.8968582
153,484844-19997808-666,0.14654669,0.89519423
154,484844-19997808-667,0.14419936,0.89210606
155,484844-19997808-668,0.114317544,0.8661849
156,484844-19997808-669,0.11431055,0.8661845
157,484844-19997808-670,0.14055917,0.8917549
158,484844-19997808-671,0.11431509,0.8661836
159,484844-19997808-672,0.1768342,0.85359687
160,484844-19997808-673,0.17684335,0.85357875
161,484844-19997808-1815,0.1401995,0.8912893
162,484844-19997833-674,0.64585674,0.32477278
163,484844-19997833-675,0.64503783,0.32624304
164,484844-19997833-676,0.0828903,0.8229907
165,484844-19997842-677,0.52868026,0.27544215
166,484844-19997848-678,0.6458583,0.32477248
167,484844-19997848-679,0.64452547,0.3223575
168,484844-19997848-680,0.10059718,0.8061499
169,484844-19997848-681,0.6500359,0.30853286
170,484844-19997848-682,0.6500358,0.3085321
171,484844-19997848-683,0.10058772,0.8061509
172,484844-19997856-684,0.071131766,0.8274143
173,484844-19997856-685,0.07134499,0.82757413
174,484844-19997859-686,0.0694775,0.82943416
175,484844-19997859-687,0.0694775,0.82943416
176,484844-19997859-688,0.0694775,0.82943416
177,484844-19997859-689,0.07126081,0.8275559
178,484844-19997859-690,0.07095321,0.830235
179,484844-19997859-691,0.07126083,0.82755595
180,484844-19997864-692,0.061344117,0.8224769
181,484844-19997864-693,0.06972862,0.829968
182,484844-19997864-694,0.071756795,0.829146
183,484844-19997867-695,0.07126081,0.8275559
184,484844-19997867-696,0.07136351,0.8277467
185,484844-19997867-697,0.069579065,0.83005196
186,484844-19997891-698,0.12395239,0.9257623
187,484844-19997891-699,0.1888442,0.85777235
188,484844-19997891-700,0.1143068,0.8661879
189,484844-19997891-701,0.16071732,0.8412305
190,484844-19997891-702,0.45909116,0.7966284
191,484844-19997891-703,0.4591015,0.79664475
192,484844-19997891-704,0.18884817,0.85777175
193,484844-19997891-705,0.16071981,0.84123063
194,484844-19997891-706,0.18885715,0.8577712
195,484844-19997891-707,0.13884938,0.8925859
196,484844-19997891-708,0.14571719,0.8933385
197,484844-19997891-709,0.14414932,0.8920728
198,484844-19997891-710,0.14750515,0.8985534
199,484844-19997925-711,0.55534023,0.052510563
200,484844-19997925-712,0.5553404,0.052510325
201,484844-19997925-713,0.2011171,0.29433736
202,484844-19997942-714,0.10765761,0.5369712
203,484844-19997947-715,0.104827285,0.5392959
204,484844-19997947-716,0.05833204,0.80193704
205,484844-19997954-717,0.64530265,0.29664084
206,484844-19997977-718,0.6245414,0.23312646
207,484844-19997987-719,0.064400785,0.7936771
208,484844-19998004-720,0.16473143,0.70704424
209,484844-19998011-721,0.27091587,0.70335966
210,484844-19998021-722,0.62350124,0.23583326
211,410634-16256026-747,0.6748829,0.5894659
212,410634-16256063-748,0.6176508,0.75829303
213,410634-16256065-749,0.6195994,0.75651634
214,410634-16256068-750,0.43943378,0.42079467
215,410634-16256077-751,0.43942523,0.42066967
216,414309-16413051-1971,0.6197191,0.73875904
217,414309-16413072-1972,0.65874285,0.78381723
218,414309-16413072-1973,0.6598553,0.78089267
219,414309-16413073-1974,0.659857,0.7808916
220,414309-16413075-1975,0.6896522,0.764023
221,414309-16413075-1976,0.54031724,0.8672518
222,414309-16413077-1977,0.4382594,0.36547127
223,414309-16413077-1978,0.6916391,0.7624444
224,414309-16413078-1979,0.6707123,0.82396823
225,414309-16413080-1980,0.012339001,0.41524622
226,414309-16413081-1981,0.013933291,0.42027563
227,414309-16413082-1982,0.46158963,0.28390607
228,414309-16413083-1983,0.5481265,0.6905454
229,414309-16413083-1984,0.6394073,0.17377008
230,414309-16413084-1985,0.56216645,0.6721331
231,414309-16413084-1986,0.5591506,0.67323804
232,414309-16413091-1987,0.6378401,0.17067523
233,414309-16413100-1988,0.5992724,0.65787375
234,414309-16413111-1989,0.3204413,0.63982797
235,414309-16413113-1990,0.69568175,0.83621585
236,414309-16413115-1991,0.6146857,0.11972328
237,414309-16413116-1992,0.007221651,0.4251887
238,414309-16413117-1993,0.4615897,0.28390613
239,414309-16413118-1994,0.0028667587,0.4417635
240,414309-16413119-1995,0.09741321,0.44892028
241,414309-16413120-1996,0.037996273,0.6108072
242,414309-16413124-1997,0.7211678,0.7084804
243,414309-16413129-1998,0.73355186,0.6750785
244,414309-16413131-1999,0.0072202394,0.42518845
245,414309-16413134-2000,0.5719047,0.9057719
246,414309-16413145-2001,0.6154549,0.1218222
247,414309-16413147-2002,0.73914194,0.778218
248,414309-16413149-2003,0.0072227977,0.42518878
249,414309-16413152-2004,0.44599035,0.84303546
250,414309-16413153-2005,0.6936781,0.8380796
251,414309-16413155-2006,0.0,0.42346796
252,414309-16413159-2007,0.41168508,0.8447126
253,414309-16413162-2008,0.46404746,0.37246764
254,414309-16413175-2009,0.73908347,0.6931166
255,414309-16413176-2010,0.7442263,0.6758456
256,414309-16413176-2011,0.7334747,0.68954444
257,414309-16413178-2012,0.73906964,0.66156197
258,414309-16413178-2013,0.7357402,0.66697115
259,414309-16413179-2014,0.61659384,0.9999751
260,414309-16413180-2015,0.6165942,0.99996626
261,414309-16413194-2016,0.6429514,0.17643714
262,414309-16413206-2017,0.739663,0.6757283
263,414309-16413208-2018,0.73611647,0.699082
264,414309-16413212-2019,0.59202296,0.87569124
265,414309-16413214-2020,0.09093432,0.43276218
266,414309-16413219-2021,0.73415446,0.6827891
267,414309-16413221-2022,0.007218784,0.42517614
268,414309-16413223-2023,0.0072157853,0.42517576
269,414309-16413227-2024,0.4722151,0.37133074
270,414309-16413230-2025,0.60108113,0.924519
271,414309-16413233-2026,0.46636313,0.37782428
272,414309-16413237-2027,0.007221122,0.42517897
273,414309-16413242-2028,0.12035711,0.4229292
274,414309-16413254-2029,0.6985422,0.2110343
275,414309-16413261-2030,0.71202457,0.6316696
276,414309-16413270-2031,0.7423882,0.71008164
277,414309-16413275-2032,0.58471566,0.91965026
278,414309-16413282-2033,0.6919379,0.83835715
279,414309-16413299-2034,0.73914045,0.77821213
280,414309-16413300-2035,0.61659986,0.99996626
281,414309-16413304-2036,0.59838474,0.91940904
282,414309-16413324-2037,0.6792506,0.84404886
283,414309-16413329-2038,0.62193877,0.04699025
284,414309-16413329-2039,0.5833329,0.93304986
285,414309-16413331-2040,0.67924607,0.8440485
286,414309-16413332-2041,0.108839095,0.4423998
287,414309-16413338-2042,0.6464735,0.17528175
288,414309-16413339-2043,0.6389169,0.16251072
289,414309-16413343-2044,0.5990244,0.6574488
290,414309-16413344-2045,0.5779748,0.95034885
291,414309-16413346-2046,0.57300735,0.9490574
292,414309-16413349-2047,0.7489554,0.6509168
293,414309-16413353-2048,0.5682359,0.92963815
294,414309-16413360-2049,0.41130924,0.8446529
295,414309-16413365-2050,0.5735658,0.93655795
296,414309-16413369-2051,0.67925406,0.8440508
297,414309-16413370-2052,0.63889426,0.17338915
298,414309-16413374-2053,0.6479735,0.17305811
299,414309-16413375-2054,0.67925256,0.84405625
300,414309-16413386-2055,0.6102888,0.11027674
301,414309-16413390-2056,0.002869052,0.44176388
302,414309-16413390-2057,0.61028826,0.11027727
303,414309-16413399-2058,0.5643164,0.9323809
304,414309-16413399-2059,0.5628585,0.6608108
305,414309-16413401-2060,0.47224584,0.38196632
306,414309-16413403-2061,0.8193868,0.6748782
307,414309-16413411-2062,0.4641093,0.36858648
308,414309-16413414-2063,0.7400478,0.70471555
309,414309-16413416-2064,0.59775174,0.926991
310,414309-16413420-2065,0.7525925,0.6893129
311,414309-16413421-2066,0.47197157,0.38245624
312,414309-16413425-2067,0.58817756,0.93168753
313,414309-16413435-2068,0.64421964,0.17623192
314,414309-16413440-2069,0.74690086,0.71537334
315,414309-16413449-2070,0.612913,0.052380174
316,414309-16413461-2071,0.58131915,0.9269239
317,414309-16413472-2072,0.5825575,0.9248358
318,414309-16413475-2073,0.6469342,0.17484169
319,414309-16413481-2074,0.7391408,0.7782113
320,414309-16413486-2075,0.5626158,0.6605763
321,414309-16413488-2076,0.752254,0.6619187
322,414309-16413492-2077,0.6129512,0.17519608
323,414309-16413493-2078,0.6129472,0.17517059
324,414309-16413495-2079,0.693307,0.20764199
325,414309-16413497-2080,0.6412653,0.1605764
326,414309-16413499-2081,0.50094664,0.19232957
327,414309-16413504-2082,0.3957509,0.70159364
328,414309-16413513-2083,0.6486747,0.17043456
329,414309-16413516-2084,0.46409774,0.2695587
330,414309-16413528-2085,0.57082945,0.92331594
331,414309-16413532-2086,0.7623929,0.6483011
332,414309-16413535-2087,0.5638097,0.662292
333,414309-16413537-2088,0.57871056,0.9364866
334,414309-16413537-2089,0.76042587,0.6648646
335,414309-16413539-2090,0.57725954,0.9188802
336,414309-16413540-2091,0.589813,0.92333275
337,414309-16413549-2092,0.7605981,0.70794874
338,414309-16413553-2093,0.07817237,0.436132
339,414309-16413554-2094,0.769982,0.68539786
340,414309-16413556-2095,0.776882,0.67706084
341,414309-16413561-2096,0.5643401,0.6691992
342,414309-16413567-2097,0.5915642,0.9120615
343,414309-16413570-2098,0.09865333,0.4109795
344,414309-16413572-2099,0.7709322,0.6662024
345,414309-16413574-2100,0.08537358,0.42480665
346,414309-16413577-2101,0.081089675,0.42754897
347,414309-16413579-2102,0.768337,0.6610091
348,414309-16413624-2103,0.7555805,0.6630881
349,414309-16413629-2104,0.09923377,0.40300357
350,414309-16413632-2105,0.10084729,0.39797008
351,414309-16413635-2106,0.10698228,0.39210328
352,414309-16413643-2107,0.7740177,0.66936976
353,414309-16413649-2108,0.5645835,0.91999745
354,414309-16413666-2109,0.8193912,0.6748792
355,414309-16413675-2110,0.10526928,0.41936427
356,414309-16413683-2111,0.57936364,0.9030993
357,414309-16413686-2112,0.5755404,0.9126063
358,414309-16413688-2113,0.5857895,0.916137
359,414309-16413694-2114,0.5665303,0.91297007
360,414309-16413696-2115,0.58767927,0.9054882
361,414309-16413706-2116,0.583189,0.9037734
362,414309-16413706-2117,0.5342555,0.87690413
363,414309-16413706-2118,0.8133804,0.7720163
364,414309-16413709-2119,0.64216405,0.16020258
365,414309-16413713-2120,0.646968,0.16249008
366,414309-16413716-2121,0.64903355,0.1676085
367,414309-16413724-2122,0.6490467,0.16904284
368,414309-16413729-2123,0.76509726,0.69376236
369,414309-16413731-2124,0.5621386,0.67213285
370,414309-16413737-2125,0.5717597,0.918457
371,414309-16413741-2126,0.76108706,0.68449146
372,414309-16413744-2127,0.64848614,0.16524896
373,823966-30699047-1160,0.6760287,0.5916717
374,414310-16413609-2128,0.6931455,0.5634744
375,414310-16413702-2129,0.48218706,0.4713652
376,414310-16413756-2130,0.4778171,0.3800115
377,414310-16413760-2131,0.59889776,0.657511
378,414310-16413760-2132,0.6195974,0.04282978
379,414310-16413781-2133,0.5904523,0.92680776
380,414310-16413782-2134,0.5753228,0.9040312
381,414310-16413783-2135,0.5952712,0.9114869
382,414310-16413784-2136,0.6376726,0.1671082
383,414310-16413785-2137,0.6125678,0.051497847
384,414310-16413785-2138,0.5907398,0.9071301
385,414310-16413788-2139,0.034445867,0.6257759
386,414310-16413790-2140,0.10400114,0.4055454
387,414310-16413791-2141,0.10658127,0.41167313
388,414310-16413792-2142,0.50612676,0.20920973
389,414310-16413792-2143,0.50582045,0.20671692
390,414310-16413796-2144,0.49808875,0.20195663
391,414310-16413797-2145,0.500515,0.21761414
392,414310-16413798-2146,0.5989322,0.6573595
393,414310-16413799-2147,0.49350604,0.48138922
394,414310-16413801-2148,0.4916209,0.21813925
395,414310-16413801-2149,0.48595464,0.20818293
396,414310-16413801-2150,0.49815336,0.20396422
397,414310-16413801-2151,0.49426067,0.20530953
398,414310-16413802-2152,0.49768105,0.19164395
399,414310-16413803-2153,0.5049103,0.1997076
400,414310-16413805-2154,0.50539184,0.20007412
401,414310-16413816-2155,0.5039787,0.19703579
402,414310-16413817-2156,0.09083172,0.41824266
403,414310-16413819-2157,0.48097843,0.36652482
404,414310-16413823-2158,0.59788555,0.8783088
405,414310-16413823-2159,0.6165904,0.9999862
406,414310-16413824-2160,0.5827097,0.9093679
407,414310-16413827-2161,0.50200254,0.19340691
408,414310-16413827-2162,0.6166008,0.99995065
409,414310-16413828-2163,0.6157283,0.05507782
410,414310-16413828-2164,0.58372563,0.94037414
411,414310-16413829-2165,0.6565286,0.14618103
412,414310-16413829-2166,0.704528,0.21766718
413,414310-16413830-2167,0.4950027,0.19894654
414,414310-16413830-2168,0.61660296,0.9999584
415,414310-16413830-2169,0.4777289,0.36112165
416,414310-16413832-2170,0.5764417,0.9238001
417,414310-16413850-2171,0.61391926,0.053827506
418,414310-16413850-2172,0.75279164,0.68044937
419,414310-16413851-2173,0.57732713,0.9310839
420,414310-16413851-2174,0.7726087,0.68039787
421,414310-16413852-2175,0.59733945,0.932398
422,414310-16413852-2176,0.77253795,0.6536797
423,414310-16413855-2177,0.5988989,0.65739036
424,414310-16413858-2178,0.12906525,0.39545983
425,414310-16413859-2179,0.58823985,0.93846965
426,414310-16413861-2180,0.10050789,0.38979992
427,414310-16413862-2181,0.09095104,0.40324342
428,414310-16413864-2182,0.16711235,0.70838076
429,414310-16413865-2183,0.61659735,0.999967
430,414310-16413866-2184,0.58500135,0.95035064
431,414310-16413866-2185,0.59125674,0.9351602
432,414310-16413867-2186,0.59064054,0.9211347
433,414310-16413867-2187,0.59803724,0.9147476
434,414310-16413868-2188,0.6165994,0.99996185
435,414310-16413870-2189,0.6128851,0.04529281
436,414310-16413872-2190,0.5057569,0.20580718
437,414310-16413891-2191,0.54050094,0.41805986
438,414310-16413892-2192,0.53855187,0.4105641
439,414310-16413893-2193,0.5340729,0.41062447
440,414310-16413897-2194,0.7065885,0.6725158
441,414310-16413898-2195,0.6404894,0.16093914
442,414310-16413898-2196,0.6377387,0.16570187
443,414310-16413898-2197,0.698538,0.21102637
444,414310-16413899-2198,0.083276026,0.40497494
445,414310-16413899-2199,0.5253753,0.24854103
446,414310-16413899-2200,0.3304158,0.7229947
447,414310-16413899-2201,0.3612201,0.6770218
448,414310-16413900-2202,0.36121935,0.6770225
449,414310-16413900-2203,0.5567264,0.21821526
450,414310-16413901-2204,0.55914074,0.24321108
451,414310-16413901-2205,0.55673933,0.21824999
452,414310-16413902-2206,0.3304242,0.72300756
453,414310-16413903-2207,0.07505815,0.40223387
454,414310-16413904-2208,0.5567384,0.21824689
455,414310-16413905-2209,0.61294425,0.17519799
456,414310-16413905-2210,0.61294407,0.17519775
457,414310-16413906-2211,0.5895621,0.19338195
458,414310-16413906-2212,0.5895616,0.19338046
459,414310-16413907-2213,0.5825075,0.24094911
460,414310-16413908-2214,0.58877635,0.19265124
461,414310-16413908-2215,0.09963377,0.67616487
462,414310-16413910-2216,0.6098009,0.07253802
463,414310-16413911-2217,0.09967447,0.6762122
464,414310-16413912-2218,0.74711275,0.68045497
465,414310-16413912-2219,0.04242689,0.6165162
466,414310-16413912-2220,0.54863125,0.35178024
467,414310-16413913-2221,0.74287236,0.6557788
468,414310-16413913-2222,0.75858706,0.6529709
469,414310-16413913-2223,0.56459785,0.3171297
470,414310-16413914-2224,0.31231096,0.70831347
471,414310-16413916-2225,0.3280802,0.6676283
472,414310-16413917-2226,0.55673856,0.21826167
473,414310-16413918-2227,0.31231248,0.70832056
474,414310-16413918-2228,0.035072576,0.573584
475,414310-16413919-2229,0.11506604,0.678891
476,414310-16413919-2230,0.46118513,0.8525342
477,414310-16413920-2231,0.61223686,0.048460703
478,414310-16413922-2232,0.5486519,0.35180363
479,414310-16413924-2233,0.16712862,0.7190804
480,414310-16413925-2234,0.7692418,0.67508584
481,414310-16413928-2235,0.075699545,0.39585853
482,414310-16413929-2236,0.60971624,0.3982361
483,414310-16413930-2237,0.6151911,0.40261823
484,414310-16413935-2238,0.5776457,0.4115988
485,414310-16413936-2239,0.15108977,0.6646989
486,414310-16413939-2240,0.61302584,0.38384765
487,414310-16413943-2241,0.61895895,0.38582197
488,414310-16413946-2242,0.61896944,0.385823
489,414310-16413948-2243,0.6207838,0.3850155
490,414310-16413951-2244,0.47879416,0.4818178
491,414310-16413953-2245,0.6189695,0.3858231
492,414310-16413955-2246,0.61896676,0.38582283
493,414310-16413959-2247,0.7418365,0.60097265
494,414310-16413961-2248,0.57128054,0.3685808
495,414310-16413962-2249,0.62021166,0.40280685
496,414310-16413963-2250,0.61336774,0.39767057
497,414310-16413965-2251,0.14166754,0.68721485
498,414310-16413970-2252,0.7162946,0.5844426
499,414310-16413971-2253,0.5666603,0.31900486
500,414310-16413973-2254,0.6204808,0.39393762
501,414310-16413974-2255,0.5759456,0.2878888
502,414310-16413979-2256,0.7486957,0.6909161
503,414310-16413980-2257,0.50500053,0.21438645
504,414310-16413981-2258,0.75310576,0.69856
505,414310-16413986-2259,0.72152036,0.5784361
506,414310-16413988-2260,0.7170131,0.57714903
507,414310-16413990-2261,0.7408671,0.68488234
508,414310-16413992-2262,0.71701676,0.5771442
509,414310-16413994-2263,0.7391337,0.77819943
510,414310-16413999-2264,0.6597373,0.6276432
511,414310-16413999-2265,0.6622496,0.62781286
512,414310-16413999-2266,0.66405076,0.6262286
513,414310-16414010-2267,0.71513265,0.56659824
514,414310-16414016-2268,0.7226442,0.57471853
515,414310-16414016-2269,0.7196143,0.5647095
516,414310-16414025-2270,0.6390432,0.4341198
517,414310-16414038-2271,0.74364835,0.6667676
518,414310-16414041-2272,0.6385527,0.4332364
519,414310-16414050-2273,0.718216,0.28732535
520,414310-16414075-2274,0.47315308,0.37038118
521,414310-16414078-2275,0.5464998,0.9272915
522,414310-16414078-2276,0.5236054,0.19217478
523,414310-16414083-2277,0.7423854,0.6005051
524,414310-16414086-2278,0.71229386,0.5685951
525,414310-16414104-2279,0.6189074,0.055180497
526,414310-16414108-2280,0.6211257,0.40237355
527,414310-16414111-2281,0.49804544,0.21928048
528,414310-16414114-2282,0.5033095,0.212932
529,414310-16414117-2283,0.15812923,0.71850526
530,414310-16414117-2871,0.49771628,0.21941686
531,414310-16414120-2285,0.47709247,0.38064194
532,414310-16414123-2286,0.099668786,0.67623806
533,414310-16414129-2287,0.07205432,0.41057453
534,414310-16414138-2288,0.62101334,0.053567443
535,414310-16414141-2289,0.4459818,0.8430213
536,414310-16414144-2290,0.5885195,0.25885296
537,414310-16414147-2291,0.75687987,0.69204473
538,414310-16414219-2293,0.4941246,0.21987987
539,414310-16414225-2294,0.501891,0.21592881
540,414310-16414231-2295,0.6192124,0.054993197
541,414310-16414243-2296,0.48786053,0.21480504
542,414310-16414278-2297,0.6219371,0.05196595
543,414310-16414288-2298,0.57699186,0.2328837
544,414310-16414291-2299,0.49561742,0.2098718
545,414310-16414294-2300,0.08292902,0.3955497
546,414310-16414297-2301,0.6985356,0.21103486
547,414310-16414303-2302,0.712041,0.6316731
548,414310-16414311-2303,0.078248404,0.38711905
549,414310-16414311-2304,0.1676048,0.70965105
550,414310-16414311-2305,0.07881655,0.4127097
551,414310-16414314-2306,0.082660586,0.41725624
552,414310-16414317-2307,0.7453764,0.6877127
553,414310-16414325-2308,0.6158696,0.042190235
554,414310-16414348-2309,0.7391473,0.7782125
555,414310-16414387-2310,0.7448875,0.69730294
556,414310-16414396-2311,0.13615844,0.6950269
557,414310-16414399-2312,0.13608493,0.6949725
558,414310-16414423-2313,0.069274485,0.50059503
559,414310-16414429-2314,0.06926359,0.5005937
560,414310-16414432-2315,0.54864544,0.3518133
561,414310-16414454-2316,0.7120287,0.6316692
562,414310-16414457-2317,0.7515808,0.67355746
563,414310-16414460-2318,0.5877013,0.95000035
564,414310-16414460-2319,0.61993617,0.043060943
565,414310-16414463-2320,0.75464064,0.6486234
566,414310-16414466-2321,0.7483353,0.65807503
567,414310-16414481-2322,0.7481482,0.66937447
568,414310-16414481-2323,0.7653118,0.6792258
569,414310-16414485-2324,0.7556674,0.6715175
570,414310-16414487-2325,0.7391469,0.77821684
571,414310-16414490-2326,0.7598085,0.6955089
572,414310-16414496-2327,0.7586138,0.6768608
573,414310-16414500-2328,0.7577161,0.62190706
574,414310-16414503-2329,0.074741796,0.42797428
575,414310-16414509-2330,0.7391489,0.77821434
576,414310-16414512-2331,0.76313984,0.6874196
577,414310-16414515-2332,0.7482035,0.70154995
578,414310-16414519-2333,0.7629725,0.6588233
579,414310-16414522-2334,0.76460904,0.66846967
580,414310-16414522-2335,0.77004445,0.6906119
581,414310-16414534-2336,0.7391451,0.77821493
582,414310-16414534-2337,0.5969867,0.94033575
583,414310-16414537-2338,0.75369066,0.718557
584,414310-16414545-2339,0.76789254,0.7076119
585,414310-16414645-2340,0.32807606,0.6676168
586,414310-16414648-2341,0.57309777,0.9301163
587,414310-16414651-2342,0.4698281,0.38143742
588,414310-16414660-2343,0.32436103,0.7341953
589,414310-16414664-2344,0.13475834,0.4609351
590,414310-16414664-2345,0.05941244,0.43848497
591,414310-16414667-2346,0.3020974,0.68813664
592,414310-16414670-2347,0.6422796,0.176151
593,414310-16414687-2348,0.548678,0.3518047
594,414310-16414690-2349,0.15769075,0.76955795
595,414310-16414690-2350,0.13613267,0.6950305
596,414310-16414693-2351,0.56896144,0.94554055
597,414310-16414731-2352,0.45817706,0.8657559
598,414310-16414734-2353,0.5671096,0.9420068
599,414310-16414739-2354,0.59902656,0.6572635
600,414310-16414745-2355,0.5106051,0.3225279
601,414310-16414751-2356,0.7149768,0.5578934
602,414310-16414754-2357,0.56666523,0.31901065
603,414310-16414806-2358,0.5591114,0.65946335
604,414310-16414812-2359,0.55736953,0.66011643
605,414310-16414815-2360,0.5470584,0.64866
606,414310-16414818-2361,0.5989609,0.6571417
607,414310-16414821-2362,0.55494946,0.6629495
608,414310-16414849-2363,0.55377364,0.666231
609,414310-16414966-2364,0.122425996,0.40450624
610,414310-16414969-2365,0.14658318,0.38898844
611,414310-16414969-2366,0.14585733,0.44305122
612,414310-16414977-2367,0.45336658,0.38769537
613,414310-16414984-2368,0.77568626,0.70003575
614,414310-16414991-2369,0.15003909,0.41727197
615,414310-16415005-2872,0.15439686,0.50204074
616,414310-16415008-2873,0.15439788,0.5020616
617,414310-16415011-2372,0.62677926,0.41581386
618,414310-16415088-2373,0.7013308,0.6763753
619,486160-20033022-2374,0.6754343,0.58868474
620,486160-20033074-2375,0.5224927,0.27657968
621,486160-20033082-2376,0.69854575,0.21101594
622,486160-20033087-2377,0.5224361,0.27635732
623,486160-20033099-2378,0.114253834,0.64634424
624,486209-20035632-2381,0.6876195,0.6693522
625,486209-20035727-2382,0.120754905,0.39611164
626,486209-20035734-2383,0.1073821,0.39787102
627,486209-20035748-2384,0.19467652,0.30549
628,486209-20035758-2385,0.56439835,0.66767585
629,486209-20035758-2386,0.561192,0.65976596
630,486209-20035764-2387,0.554943,0.6705072
631,486209-20035764-2388,0.55613726,0.67212325
632,486209-20035767-2389,0.554339,0.6688285
633,486209-20035769-2390,0.0735978,0.41924602
634,486209-20035777-2391,0.53303516,0.67140776
635,486209-20035787-2392,0.12152014,0.3846459
636,486209-20035789-2393,0.13013043,0.4020754
637,486209-20035789-2394,0.12679811,0.38792217
638,486209-20035792-2395,0.5746594,0.94216454
639,486209-20035841-2396,0.19474909,0.30636021
640,486209-20035843-2397,0.59552336,0.642229
641,486209-20035860-2398,0.5539061,0.6655121
642,486209-20035869-2399,0.5890657,0.84360576
643,486209-20035869-2400,0.58906275,0.8436053
644,486209-20035879-2401,0.5250368,0.78170747
645,486234-20037128-2402,0.050412763,0.72637033
646,506983-21071282-2875,0.6111105,0.87840545
647,506983-21071282-2876,0.6099568,0.87862384
648,484577-19991839-2405,0.48292783,0.47615016
649,484577-19991841-2406,0.6150559,0.24237525
650,484577-19991842-2407,0.59931535,0.65642595
651,484577-19991842-2408,0.6985324,0.21102399
652,484577-19991861-2409,0.3118919,0.656638
653,506975-21069564-2410,0.69298404,0.5632412
654,506975-21069916-2411,0.637015,0.28801477
655,506975-21070087-2412,0.6134115,0.04423665
656,506975-21070098-2413,0.63701606,0.28801692
657,506975-21070115-2414,0.16871029,0.7137634
658,506975-21070125-2415,0.16210465,0.7069144
659,506975-21070132-2416,0.1630533,0.7216989
660,506975-21070188-2417,0.63894516,0.1735215
661,506975-21070209-2418,0.6370174,0.28801653
662,506975-21070213-2419,0.55921996,0.6732074
663,506975-21070213-2420,0.5943146,0.94466096
664,506975-21070213-2421,0.5994428,0.93543214
665,506975-21070213-2422,0.5914262,0.9469727
666,506975-21070228-2423,0.14717416,0.59844553
667,506975-21070232-2424,0.14762107,0.6601651
668,506975-21070258-2425,0.46568313,0.36382747
669,506975-21070298-2426,0.110013545,0.4082696
670,506975-21070301-2427,0.11660282,0.4088386
671,506975-21070307-2428,0.48292008,0.4761572
672,506975-21070307-2429,0.48291945,0.4761572
673,506975-21070310-2430,0.4829191,0.4761582
674,506975-21070315-2431,0.094868936,0.39784002
675,506975-21070315-2432,0.1155746,0.3993374
676,506975-21070318-2433,0.12419463,0.41059166
677,506975-21070321-2434,0.13195994,0.4168081
678,506975-21070321-2435,0.113945,0.42021874
679,506975-21070324-2436,0.097021684,0.41901186
680,506975-21070324-2437,0.19476108,0.3059602
681,506975-21070327-2438,0.15783893,0.7174049
682,506975-21070341-2439,0.15946466,0.72016436
683,506975-21070367-2440,0.16279207,0.7217046
684,506975-21070370-2441,0.057075538,0.39837843
685,506975-21070422-2442,0.03452155,0.5833715
686,506975-21070437-2443,0.5769689,0.23288788
687,506975-21070441-2444,0.782626,0.70092094
688,506975-21070441-2445,0.77798516,0.6926508
689,506975-21070476-2446,0.10341278,0.47671777
690,506975-21070476-2447,0.06925969,0.5005937
691,506975-21070480-2448,0.55778307,0.6597899
692,506975-21070483-2449,0.51693535,0.30961704
693,506975-21070489-2450,0.3118144,0.7088145
694,506975-21070496-2451,0.31182012,0.70879704
695,506975-21070499-2452,0.31182432,0.70881516
696,506975-21070503-2453,0.312226,0.70840037
697,506975-21070507-2454,0.31133154,0.7094154
698,506975-21070514-2455,0.31166047,0.7091347
699,506975-21070516-2456,0.31166074,0.7091303
700,506975-21070539-2457,0.07914187,0.50242084
701,506975-21070542-2458,0.29145005,0.6960119
702,506975-21070556-2459,0.55671763,0.67263144
703,506975-21070599-2460,0.3304286,0.7229127
704,506975-21070601-2461,0.29695272,0.7146833
705,506975-21070604-2462,0.40912622,0.7195574
706,506975-21070604-2463,0.019628394,0.65799594
707,506975-21070604-2464,0.46809986,0.8318415
708,506975-21070604-2465,0.4680995,0.831842
709,506975-21070604-2466,0.4680995,0.8318419
710,506975-21070604-2467,0.40912086,0.7195774
711,506975-21070604-2468,0.40909427,0.71958673
712,506975-21070604-2469,0.5825499,7.788772e-05
713,506975-21070604-2470,0.40915033,0.71953905
714,506975-21070604-2471,0.5826428,0.0
715,506975-21070604-2472,0.58635455,0.0007129676
716,506975-21070604-2473,0.58635455,0.0007129676
717,506975-21070604-2474,0.5826428,0.0
718,506975-21070604-2475,0.58120406,0.002552238
719,506975-21070604-2476,0.58607125,0.00031351743
720,506975-21070609-2477,0.5106001,0.3225148
721,506975-21070639-2478,0.54855895,0.3518345
722,506975-21070647-2479,0.6209885,0.30936044
723,506975-21070650-2480,0.079521336,0.76993084
724,506975-21070653-2481,0.44597602,0.843037
725,506975-21070659-2482,0.6235247,0.2358028
726,506975-21070661-2483,0.52706414,0.77579176
727,506975-21070664-2484,0.15768959,0.7697062
728,506975-21070666-2485,0.6447865,0.28401744
729,506975-21070669-2486,0.7710496,0.6968031
730,506975-21070671-2487,0.6366302,0.20548128
731,506975-21070674-2488,0.5547178,0.6631342
732,506975-21070677-2489,0.079520084,0.7699622
733,506975-21070680-2490,0.443833,0.85165054
734,506975-21070682-2491,0.68177825,0.62370634
735,506975-21070688-2492,0.1515091,0.83740735
736,506975-21070688-2493,0.4855908,0.33636504
737,506975-21070688-2494,0.48562792,0.33635265
738,506975-21070690-2495,0.1576769,0.7696843
739,506975-21070693-2496,0.8134005,0.77203286
740,506975-21070693-2497,0.8134003,0.77203286
741,506975-21070693-2498,0.8134001,0.77203083
742,506975-21070693-2499,0.5342622,0.87688464
743,506975-21070693-2500,0.5342214,0.87690413
744,506975-21070693-2501,0.8134005,0.77203286
745,506975-21070695-2502,0.6460857,0.16167644
746,506975-21070695-2503,0.6473338,0.16314021
747,506975-21070698-2504,0.8134418,0.77200854
748,506975-21070698-2505,0.81339437,0.77201664
749,506975-21070698-2506,0.5342247,0.87690926
750,506975-21070698-2507,0.5342232,0.87690985
751,506975-21070698-2508,0.5370424,0.35320926
752,506975-21070701-2509,0.7622961,0.67405295
753,506975-21070703-2510,0.76799124,0.649177
754,506975-21070712-2511,0.2979265,0.7272717
755,506975-21070714-2512,0.7555937,0.68360686
756,506975-21070714-2513,0.5486027,0.35181788
757,506975-21070723-2514,0.61535627,0.042334925
758,506975-21070726-2515,0.40900928,0.71939206
759,506975-21070726-2516,0.40895292,0.7194402
760,506975-21070726-2517,0.46809345,0.8318404
761,506975-21070726-2518,0.46809354,0.8318403
762,506975-21070726-2519,0.46809313,0.83184
763,506975-21070726-2520,0.40895292,0.7194402
764,506975-21070726-2521,0.40895346,0.7194401
765,506975-21070726-2522,0.58702004,0.0040188157
766,506975-21070726-2523,0.58186954,0.0061204135
767,506975-21070726-2524,0.5814176,0.0052287867
768,506975-21070726-2525,0.5818783,0.0061487197
769,506975-21070726-2526,0.5848181,0.007174609
770,506975-21070726-2527,0.5848181,0.007174609
771,506975-21070726-2528,0.58706796,0.0035308702
772,506975-21070726-2529,0.5848181,0.007174609
773,506975-21070730-2530,0.63773364,0.16593121
774,506975-21070736-2531,0.81341404,0.7720095
775,506975-21070736-2532,0.8134142,0.7720095
776,506975-21070736-2533,0.40896854,0.7194438
777,506975-21070736-2534,0.40896943,0.71944183
778,506975-21070744-2535,0.7551443,0.7047572
779,506975-21070744-2536,0.8193959,0.6748776
780,506975-21070751-2537,0.09793182,0.7845728
781,506975-21070755-2538,0.101966806,0.7976074
782,506975-21070864-2539,0.7107588,0.6360634
783,506975-21070872-2540,0.443256,0.8405013
784,506975-21070883-2541,0.5666516,0.3190001
785,506975-21070901-2542,0.5270679,0.7757923
786,506975-21070940-2543,0.6370223,0.28801593
787,506975-21070945-2544,0.6817625,0.62372154
788,506975-21070948-2545,0.16125949,0.72158474
789,506975-21070964-2546,0.16853066,0.71578443
790,506975-21070993-2547,0.31065804,0.72600275
791,506975-21071003-2548,0.31227887,0.70834684
792,506975-21071008-2549,0.19388218,0.3053288
793,506975-21071011-2550,0.5991587,0.65686524
794,506201-21001818-2551,0.81939197,0.674872
795,506201-21001845-2552,0.06665782,0.33870682
796,506201-21001848-2553,0.0068406863,0.70992666
797,520031-22139965-2554,0.37567526,0.76271445
798,520031-22139968-2555,0.52536625,0.24854816
799,520031-22139970-2556,0.5217115,0.38674095
800,520031-22139971-2557,0.52050436,0.3870062
801,520031-22139971-2558,0.77768123,0.7077598
802,520031-22139973-2560,0.54914045,0.6380386
803,520031-22139975-2561,0.10573594,0.6524426
804,520031-22139985-2563,0.15154919,0.5984695
805,484578-19989138-2708,0.51000327,0.42278597
806,484578-19989141-2709,0.8133947,0.772013
807,484578-19989141-2710,0.8133959,0.772016
808,484578-19989142-2711,0.761542,0.7013091
809,484578-19989144-2712,0.5174286,0.39850354
810,484578-19989164-2713,0.58658874,0.8805983
811,484578-19989166-2714,0.5815335,0.9411887
812,484578-19989198-2715,0.56570107,0.6950884
813,484578-19989198-2716,0.56570107,0.69508857
814,484578-19989199-2717,0.5342624,0.8769086
815,484578-19989199-2718,0.53425,0.87688017
816,484578-19989200-2719,0.5638256,0.9237195
817,484578-19989203-2720,0.79709643,0.62928766
818,484578-19989204-2721,0.57979757,0.9519244
819,484578-19989207-2722,0.46783,0.8628558
820,484578-19989207-2723,0.7574119,0.71536046
821,484578-19989208-2724,0.5456351,0.33974597
822,484578-19989211-2725,0.79709834,0.6292875
823,484578-19989212-2726,0.76793665,0.71688795
824,484578-19989214-2727,0.77368444,0.71301216
825,484578-19989222-2728,0.11094571,0.3885011
826,484578-19989228-3345,0.5990259,0.65786016
827,484578-19989249-2730,0.4644344,0.36775327
828,484578-19989249-2731,0.61658204,1.0
829,511216-21469100-2732,0.5168202,0.27774143
830,511216-21469225-2733,0.58028996,0.9150191
831,498011-20452366-2734,0.37970084,0.75865036
832,520488-22176305-2735,0.5647064,0.44674617
833,520488-22176316-2736,0.08907568,0.3967386
834,520488-22176329-2737,0.110517845,0.6001738
835,546648-22866237-2740,0.5687467,0.9103767
836,546648-22866243-2741,0.7838194,0.6912649
837,546648-22866251-2742,0.09433872,0.40833414
838,546648-22866637-2743,0.115966715,0.39159447
839,546648-22866711-2744,0.13251765,0.40916267
840,546648-22866719-2745,0.119232416,0.4152822
841,516375-21904749-2746,0.43253908,0.32820955
842,414313-16415080-2877,0.76230156,0.71856076
843,414313-16415083-2878,0.7821891,0.6698959
844,414313-16415089-2879,0.76753306,0.7029053
845,414313-16415096-2880,0.7806461,0.66349876
846,987264-38205192-2881,0.04861767,0.72850996
847,987264-38205193-2882,0.34976617,0.7238774
848,987264-38205207-2883,0.5648932,0.93608654
849,987264-38205208-2884,0.77710307,0.6852842
850,987264-38205211-2885,0.033110067,0.62479144
851,987264-38205217-2886,0.078196235,0.6079673
852,987264-38205222-2887,0.5753547,0.2750204
853,987264-38205223-2888,0.5458875,0.30913672
854,987264-38205225-2889,0.5458878,0.30913302
855,987264-38205229-2890,0.34976628,0.72387683
856,987264-38205232-2891,0.66185623,0.17173214
857,987264-38205239-2892,0.017302563,0.62389755
858,987264-38205241-2893,0.34976912,0.7238782
859,987264-38205243-2894,0.11049791,0.60016227
860,491023-20157859-2897,0.45690584,0.874202
861,491023-20157866-2898,0.09970468,0.6762366
862,498505-20615818-2900,0.510002,0.42278376
863,498505-20615819-2901,0.51411694,0.39701366
864,498505-20615820-2902,0.35412958,0.7422124
865,498505-20615820-2903,0.10764599,0.53696334
866,498505-20616394-2908,0.12176222,0.6725811
867,498505-20616397-2909,0.06926355,0.500591
868,505171-20919132-2911,0.54012173,0.43697137
869,505171-20919149-2912,0.44760677,0.53322583
870,505171-20919156-2913,0.28773093,0.68010503
871,498584-20618698-2914,0.2219802,0.5112511
872,498584-20618709-2915,0.22543149,0.50387895
873,546646-22856383-2916,0.20517261,0.3865888
874,546646-22856383-2917,0.0905843,0.41432914
875,546646-22856383-2918,0.3536013,0.69551516
876,546646-22856385-2919,0.35360572,0.69552034
877,546646-22856391-2920,0.52677643,0.17674798
878,546646-22856391-2921,0.35360447,0.6955249
879,546646-22856393-2922,0.52677643,0.17674729
880,546646-22856397-2923,0.20519993,0.38658184
881,546646-22856399-2924,0.35368276,0.69560194
882,546646-22856399-2925,0.19347928,0.40564665
883,546646-22856401-2926,0.36121988,0.6770228
884,546646-22856401-2927,0.19348054,0.40564486
885,546646-22856405-2928,0.3536059,0.6955207
886,546646-22856407-2929,0.19347718,0.4056452
887,506981-21068286-2930,0.23174345,0.48462293
888,498062-20496743-2932,0.24057347,0.45445177
889,498019-20456796-2933,0.073868416,0.77233773
890,508689-21229170-3330,0.5886322,0.8425312
891,508689-21230558-2942,0.74378663,0.6201685
892,506812-21049120-2948,0.5119317,0.4324316
893,506812-21049229-2950,0.2185584,0.5168896
894,987208-38201621-3354,0.58334154,0.43691936
895,507618-21122504-2951,0.52864504,0.2754141
896,507618-21122510-2952,0.1411591,0.61563796
897,494134-20255162-2954,0.6376925,0.892315
898,494134-20255191-2955,0.6393763,0.89759237
899,494134-20255197-2956,0.6411003,0.9007865
900,494134-20255202-2957,0.6411004,0.90077674
901,494134-20255451-2958,0.64243335,0.924109
902,494134-20255473-2959,0.9762167,0.6427248
903,494134-20255473-2960,0.97621965,0.64272416
904,494134-20255540-2961,0.6424327,0.924108
905,494134-20255643-2962,0.9839499,0.6350704
906,494134-20255654-2963,0.9848526,0.6410919
907,494134-20255654-2964,0.98235124,0.6530091
908,494134-20255665-2965,0.98628545,0.64665735
909,494134-20255671-2966,0.99242276,0.6534365
910,494134-20255676-2967,0.99242276,0.6534365
911,494134-20255687-2968,0.98725694,0.6661645
912,494134-20255698-2969,0.9787782,0.65464926
913,494134-20255753-2970,0.99242276,0.6534365
914,494134-20255757-2971,0.99242276,0.6534365
915,494134-20255763-2972,0.9924229,0.6534365
916,494134-20255774-2973,0.9809321,0.6529543
917,494134-20255785-2974,0.98577243,0.64260125
918,494134-20255795-2975,1.0,0.6409368
919,494134-20255808-2976,0.99242276,0.6534365
920,494134-20255826-2977,0.9855228,0.6620421
921,494134-20255857-2978,0.99242276,0.6534365
922,494134-20255861-2979,0.985915,0.676803
923,494134-20255872-2980,0.98591024,0.6768028
924,494134-20255882-2981,0.9983843,0.64879507
925,494134-20255882-2982,0.9983843,0.64879507
926,494134-20255894-2983,0.99242276,0.6534365
927,494134-20255904-2984,0.99469316,0.63536406
928,494134-20255904-2985,0.99469316,0.63536406
929,494134-20255920-2986,0.99242276,0.6534365
930,494134-20255932-2987,0.99242276,0.6534365
931,508525-21206733-2988,0.12870368,0.5807063
932,508525-21206739-2989,0.12870616,0.5807358
933,508525-21206752-2990,0.14048932,0.5625081
934,506916-21061265-2991,0.32808167,0.66761917
935,506916-21061282-2994,0.15736349,0.7134309
936,506916-21061285-2995,0.31186944,0.70872784
937,506916-21061288-2996,0.3113842,0.7093605
938,506916-21061310-2997,0.15751761,0.71689737
939,506916-21061311-2998,0.11217794,0.41608524
940,506916-21061315-2999,0.19347836,0.40564635
941,506916-21061340-3001,0.5766834,0.36849678
942,506916-21061344-3002,0.10607274,0.43325135
943,511234-21468902-3003,0.9610694,0.6369271
944,494250-20262046-3004,0.035845928,0.61037797
945,513179-21646155-3009,0.4325172,0.3282216
946,513179-21646170-3010,0.1312535,0.42547372
947,513179-21646178-3011,0.22125246,0.44122675
948,513179-21646185-3012,0.22125153,0.4412335
949,513179-21646203-3013,0.4325182,0.3282186
950,513179-21646234-3014,0.4640876,0.372999
951,513179-21646242-3015,0.4660866,0.3777041
952,499864-20745362-3018,0.5743626,0.27618107
953,499864-20745364-3020,0.57435894,0.27618098
954,499864-20745366-3021,0.3450054,0.71380526
955,499864-20745368-3022,0.07830993,0.6079292
956,508597-21217994-3023,0.1474421,0.8983227
957,508597-21217994-3024,0.14747837,0.8987743
958,508597-21217994-3025,0.13889691,0.892333
959,508597-21217994-3026,0.1357106,0.8965263
960,508597-21218113-3027,0.57791847,0.37080112
961,506984-21068608-3028,0.6008428,0.30872104
962,494079-20251914-3029,0.32805905,0.6675949
963,494079-20251916-3030,0.6176504,0.05542012
964,494079-20251916-3031,0.4973197,0.20805094
965,494079-20251917-3032,0.3669384,0.66665184
966,494079-20251918-3033,0.6472764,0.21754263
967,494079-20251918-3034,0.8722206,0.18333481
968,494079-20251918-3035,0.6472859,0.21753325
969,494079-20251918-3036,0.64728725,0.21753176
970,494079-20251919-3037,0.39574504,0.70156467
971,494079-20251919-3038,0.49186295,0.20884837
972,494079-20251920-3039,0.49076018,0.21794713
973,494079-20251920-3040,0.48708928,0.21342891
974,494079-20251921-3041,0.65827715,0.14275055
975,494079-20251921-3042,0.62229216,0.049680028
976,494079-20251922-3043,0.61204183,0.048799843
977,494079-20251923-3044,0.77705604,0.6577611
978,494079-20251923-3045,0.48553976,0.20763549
979,494079-20251924-3046,0.75051206,0.7086549
980,494079-20251926-3047,0.6336972,0.03941065
981,494079-20251927-3048,0.6203842,0.043394305
982,494079-20251927-3049,0.6222891,0.048994474
983,512990-21616662-3050,0.066757575,0.3389192
984,512990-21616666-3051,0.06675665,0.33891797
985,494141-20258271-3052,0.042419218,0.61657417
986,494275-20270628-3053,0.49173063,0.2019024
987,494275-20270630-3054,0.57353085,0.31179795
988,494275-20271318-3056,0.7070669,0.730276
989,514967-21828276-3321,0.14866138,0.7759757
990,514967-21828278-3322,0.1312949,0.7538226
991,527487-22394242-3066,0.58531576,0.43780085
992,511334-21487263-3068,0.5665839,0.43872532
993,520610-22191979-3069,0.6934104,0.6716008
994,507621-21122201-3070,0.06926271,0.5005925
995,508554-21210932-3323,0.14763238,0.66022193
996,498397-20614547-3324,0.16843703,0.7157966
997,498397-20614586-3073,0.5217186,0.3867459
998,497988-20451791-3074,0.29143268,0.6959901
999,497988-20451791-3075,0.5628121,0.27704695
1000,497988-20451889-3076,0.33574373,0.68482196
1001,506982-21069379-3331,0.23401277,0.46480846
1002,513170-21644908-3079,0.2768038,0.7583508
1003,513170-21644908-3080,0.27670583,0.75872314
1004,513170-21644908-3081,0.2767029,0.75872076
1005,506978-21068088-3086,0.5666322,0.31902793
1006,506978-21068118-3087,0.15767363,0.76948357
1007,506978-21068192-3088,0.10764846,0.5369733
1008,498101-20507741-3089,0.040801022,0.62432647
1009,498101-20507741-3090,0.02444496,0.51911634
1010,498101-20507741-3091,0.02445475,0.51911634
1011,498101-20507761-3092,0.03882581,0.6257837
1012,498101-20507782-3093,0.12575111,0.48046127
1013,498101-20507805-3094,0.036686715,0.6263298
1014,498101-20507828-3095,0.0064913,0.7094858
1015,498101-20507867-3096,0.036687244,0.6263455
1016,498101-20507896-3097,0.19309746,0.30660772
1017,498101-20507914-3098,0.19304012,0.30730456
1018,498101-20508017-3099,0.10828754,0.53086126
1019,513262-21661392-3100,0.045405935,0.7348033
1020,513262-21661403-3101,0.710527,0.5435824
1021,557656-23012421-3102,0.08248069,0.85092944
1022,557656-23012421-3103,0.40625906,0.47149184
1023,557656-23012421-3104,0.4069667,0.4702391
1024,557656-23012718-3105,0.16675907,0.7199717
1025,557656-23012726-3106,0.33156067,0.621579
1026,557656-23012729-3107,0.107843615,0.42473435
1027,511348-21488571-3108,0.11427421,0.42690423
1028,507616-21121885-3109,0.04061354,0.62427
1029,507616-21121930-3110,0.22125141,0.44123363
1030,507616-21121930-3111,0.19295357,0.30719763
1031,499883-20747570-3112,0.5640587,0.66984385
1032,499883-20747606-3113,0.3229865,0.74124384
1033,527463-22391622-3115,0.032015644,0.6233575
1034,508544-21210762-3116,0.5644278,0.4401221
1035,522751-22256671-3117,0.11052417,0.43316314
1036,522751-22256671-3118,0.11737262,0.45018467
1037,500667-20791200-3119,0.30308956,0.6916205
1038,500667-20791200-3120,0.12289934,0.61836785
1039,506911-21059640-3121,0.03446536,0.61100435
1040,506911-21059645-3122,0.04209347,0.6212036
1041,508538-21207641-3123,0.1657859,0.7209817
1042,508538-21207645-3124,0.11478045,0.44156244
1043,508538-21207654-3125,0.14756542,0.7710336
1044,508538-21207659-3126,0.13372327,0.7548763
1045,508538-21207680-3127,0.055580743,0.79176205
1046,508538-21207683-3128,0.18473902,0.29710057
1047,506977-21067868-3129,0.5687008,0.43378875
1048,507818-21132399-3130,0.3592611,0.7460535
1049,507818-21132401-3131,0.14116631,0.61566556
1050,507818-21132409-3132,0.099734254,0.67621434
1051,511354-21488728-3135,0.6281572,0.99249107
1052,511354-21488762-3136,0.46750173,0.37931773
1053,511354-21488787-3137,0.12531057,0.43908286
1054,511354-21488795-3138,0.11654465,0.43352032
1055,511354-21488810-3139,0.12219144,0.43043676
1056,511354-21488812-3140,0.12920772,0.43291375
1057,511354-21488831-3141,0.10612557,0.45102572
1058,511354-21488850-3142,0.12578358,0.42020604
1059,511354-21488877-3143,0.22972485,0.49133778
1060,504912-20896611-3144,0.04228285,0.62065214
1061,484569-19988623-3149,0.13152504,0.54477626
1062,484569-19988672-3152,0.10727206,0.32298413
1063,484569-19988676-3153,0.13285436,0.5091276
1064,484569-19988697-3154,0.111209095,0.45387042
1065,484569-19988700-3155,0.52546966,0.42644015
1066,484569-19988713-3156,0.100753926,0.4550821
1067,484569-19988728-3157,0.1215578,0.44373688
1068,484569-19988731-3158,0.20653023,0.32705647
1069,484569-19988747-3161,0.19326554,0.30732846
1070,484569-19988748-3162,0.19329695,0.30723837
1071,484569-19988749-3163,0.19322985,0.30722314
1072,484569-19988753-3164,0.068247035,0.74447703
1073,484569-19988755-3165,0.06825048,0.735494
1074,484569-19988763-3166,0.06926672,0.5005956
1075,484569-19988765-3167,0.0818939,0.4432423
1076,484569-19988766-3168,0.09317281,0.44079766
1077,484569-19988768-3169,0.053825255,0.7950764
1078,484569-19988769-3170,0.14049417,0.56248105
1079,484569-19988770-3171,0.14039272,0.5642143
1080,484569-19988771-3172,0.14190568,0.52905875
1081,484569-19988775-3173,0.08713606,0.44781554
1082,484569-19988778-3174,0.10727116,0.32298338
1083,484569-19988779-3175,0.10135159,0.42533737
1084,484569-19988780-3176,0.14048372,0.56250805
1085,484569-19988882-3194,0.53606015,0.43171436
1086,512980-21611484-3313,0.049716547,0.47840276
1087,498493-20615305-3195,0.21097308,0.4259256
1088,498493-20615305-3196,0.19732538,0.32784203
1089,498493-20615308-3197,0.12288094,0.61839974
1090,498493-20615309-3198,0.1411574,0.6156559
1091,498493-20615310-3199,0.63152355,0.29773933
1092,498493-20615311-3200,0.13155134,0.5448058
1093,498493-20615316-3201,0.058379892,0.7865817
1094,514776-21825412-3202,0.10227423,0.44210568
1095,506980-21069432-3203,0.039736368,0.6120416
1096,499423-20673161-3317,0.07106954,0.733268
1097,516693-21924156-3204,0.061569132,0.5103032
1098,516693-21924174-3205,0.09683288,0.43583202
1099,516693-21924178-3206,0.16773559,0.70943457
1100,499812-20735558-3316,0.1547945,0.5558242
1101,507617-21125458-3315,0.06484054,0.7319378
1102,494032-20248504-3207,0.56422955,0.6649821
1103,494032-20248504-3208,0.5561003,0.64187527
1104,516931-21942241-3325,0.16269803,0.75922227
1105,516931-21942251-3326,0.090874344,0.42524967
1106,516931-21942258-3327,0.09147587,0.45206136
1107,519242-22116166-3210,0.13317232,0.67531013
1108,519242-22116168-3211,0.19465362,0.3064015
1109,519242-22116173-3212,0.10195889,0.415995
1110,498148-20557154-3213,0.12289532,0.6183729
1111,498259-20593813-3215,0.10144015,0.4339284
1112,508656-21226554-3216,0.5301,0.67132473
1113,508755-21238401-3242,0.09736342,0.42666847
1114,508755-21238407-3243,0.111985005,0.40265137
1115,508755-21238410-3244,0.5743597,0.276175
1116,508755-21238414-3245,0.086642854,0.43631908
1117,508755-21238422-3246,0.06601598,0.8066196
1118,508755-21238489-3249,0.040406607,0.6128776
1119,498026-20459087-3251,0.14762814,0.6601874
1120,498026-20459191-3252,0.14116032,0.6156506
1121,508757-21239327-3253,0.19423474,0.30538076
1122,508757-21239362-3254,0.08580019,0.40878367
1123,508757-21239398-3255,0.19416979,0.30531934
1124,520087-22148432-3256,0.61223537,0.65081084
1125,520087-22148434-3257,0.04758552,0.7333755
1126,506985-21069557-3259,0.13285191,0.50912297
1127,506985-21069568-3260,0.15806787,0.7111192
1128,506985-21069574-3261,0.080431476,0.7976109
1129,506985-21069579-3262,0.07312841,0.80374765
1130,506985-21069602-3263,0.158196,0.7108964
1131,506985-21069606-3264,0.46913454,0.41043055
1132,506985-21069618-3265,0.09965976,0.67621446
1133,506985-21069634-3266,0.16203837,0.70700043
1134,506985-21069872-3267,0.11163699,0.37396348
1135,506985-21069877-3268,0.16254944,0.70682573
1136,506985-21069891-3269,0.078216076,0.6080338
1137,506985-21069902-3270,0.10490898,0.37168503
1138,557655-23011448-3342,0.45111713,0.8760488
1139,557655-23011476-3318,0.15955105,0.7089187
1140,557655-23011486-3319,0.09967028,0.6762367
1141,557655-23011492-3320,0.6273222,0.30241776
1142,511332-21485860-3271,0.7024143,0.6966305
1143,500662-20790748-3328,0.6098367,0.66877055
1144,499878-20746289-3273,0.7023898,0.688645
1145,506279-21007707-3279,0.020540318,0.37017173
1146,506279-21007709-3280,0.020537231,0.3701718
1147,506279-21007710-3281,0.020540891,0.3701716
1148,506279-21007712-3282,0.02485221,0.36963972
1149,506279-21007714-3283,0.42019892,0.37563238
1150,506279-21007714-3284,0.43860495,0.36577544
1151,506279-21007715-3285,0.4201994,0.37563345
1152,506279-21007716-3286,0.6702078,0.8281114
1153,506279-21007722-3287,0.3313809,0.6566611
1154,506279-21007724-3288,0.19278768,0.4561683
1155,506279-21007725-3289,0.1927885,0.45617065
1156,506279-21007726-3290,0.024859266,0.36964086
1157,506279-21007728-3291,0.46401778,0.25556555
1158,508707-21235204-3294,0.09576068,0.37260342
1159,508707-21235222-3295,0.11835421,0.35154223
1160,506979-21068985-3296,0.09230016,0.3498719
1161,499835-20740673-3329,0.110493936,0.600176
1162,527434-22390575-3306,0.46779326,0.8628178
1163,527434-22390579-3307,0.36122212,0.67702127
1164,527434-22390705-3308,0.11050404,0.6001763
1165,527434-22390714-3309,0.36122093,0.6770059
1166,527434-22390727-3310,0.36122075,0.6770059
1167,527434-22390758-3311,0.031556882,0.62166536
1168,513043-21680622-3314,0.049716063,0.47838488
1169,499412-20672748-3358,0.057105307,0.7240865
1170,500659-20790333-3355,0.1554221,0.5551791
1171,534946-22589335-3356,0.11898261,0.37782705
1172,534946-22589330-3357,0.5210004,0.41470644
1173,558361-23024939-3353,0.1286853,0.58072644
